{"stats":{"minecraft:picked_up":{"minecraft:cocoa_beans":3,"minecraft:crafting_table":2,"minecraft:basalt":24,"minecraft:leather":2,"minecraft:lead":2,"minecraft:tuff":5,"minecraft:oak_log":3,"minecraft:dirt":1,"minecraft:raw_copper":46,"minecraft:iron_axe":1,"minecraft:bone":3,"minecraft:blackstone":8,"minecraft:bamboo":13,"lightmanscurrency:coin_iron":12,"minecraft:stick":4,"minecraft:smooth_basalt":44,"lightmanscurrency:coin_copper":23,"minecraft:arrow":2,"minecraft:rotten_flesh":2,"waystones:waystone":1,"minecraft:oak_sapling":1,"minecraft:coal":36,"minecraft:cobblestone":7},"minecraft:broken":{"minecraft:stone_pickaxe":1},"minecraft:killed":{"minecraft:skeleton":2,"minecraft:trader_llama":2,"minecraft:zombie":2,"touhou_little_maid:fairy":2},"minecraft:mined":{"minecraft:acacia_leaves":4,"minecraft:blackstone":8,"minecraft:basalt":26,"minecraft:crafting_table":2,"minecraft:grass_block":1,"minecraft:copper_ore":11,"minecraft:deepslate_coal_ore":22,"minecraft:magma_block":2,"minecraft:oak_log":3,"minecraft:coal_ore":14,"minecraft:cocoa":1,"minecraft:smooth_basalt":58,"minecraft:stone":7,"minecraft:small_dripleaf":1,"minecraft:oak_leaves":6},"minecraft:used":{"minecraft:water_bucket":34,"minecraft:netherite_sword":12,"waystones:sandy_waystone":3,"minecraft:sandstone_stairs":48,"minecraft:red_concrete":11,"minecraft:spruce_slab":2,"minecraft:stone_pickaxe":146,"minecraft:white_terracotta":4,"minecraft:chest":8,"minecraft:wooden_pickaxe":3,"minecraft:mossy_stone_brick_stairs":21,"minecraft:iron_sword":46,"minecraft:sandstone_wall":29,"minecraft:mossy_stone_brick_slab":16,"minecraft:dirt":27,"minecraft:sand":69,"minecraft:cut_sandstone_slab":18,"minecraft:oak_slab":2,"minecraft:crafting_table":2,"minecraft:stone_brick_wall":13,"minecraft:shroomlight":31,"waystones:waystone":2,"minecraft:stone_brick_slab":9,"minecraft:acacia_stairs":8,"minecraft:black_concrete":3,"minecraft:chiseled_sandstone":68,"minecraft:iron_axe":12,"waystones:mossy_waystone":1,"minecraft:stone_brick_stairs":25,"minecraft:smooth_basalt":12,"minecraft:chiseled_stone_bricks":70,"minecraft:glowstone":3,"minecraft:white_concrete":2,"minecraft:acacia_planks":4,"minecraft:mossy_stone_brick_wall":14},"minecraft:custom":{"minecraft:mob_kills":8,"minecraft:interact_with_crafting_table":3,"minecraft:open_shulker_box":1,"minecraft:leave_game":2,"minecraft:time_since_death":51024,"minecraft:climb_one_cm":2964,"minecraft:time_since_rest":51178,"minecraft:waystone_activated":6,"minecraft:sprint_one_cm":45317,"minecraft:damage_taken":413,"minecraft:walk_one_cm":344813,"minecraft:drop":1,"minecraft:damage_dealt":1989,"minecraft:damage_dealt_absorbed":80,"minecraft:swim_one_cm":1679,"minecraft:fly_one_cm":345580,"minecraft:open_chest":41,"minecraft:crouch_one_cm":457,"minecraft:play_time":106488,"minecraft:deaths":1,"minecraft:sneak_time":998,"minecraft:walk_under_water_one_cm":19817,"minecraft:jump":491,"minecraft:walk_on_water_one_cm":2925,"minecraft:total_world_time":106488,"minecraft:fall_one_cm":1626},"minecraft:crafted":{"minecraft:oak_planks":12,"minecraft:crafting_table":1,"minecraft:wooden_pickaxe":1,"minecraft:stick":4,"minecraft:stone_pickaxe":2,"minecraft:torch":4},"minecraft:dropped":{"minecraft:iron_axe":1}},"DataVersion":3465}