{"stats":{"minecraft:picked_up":{"minecraft:leather":2,"minecraft:lead":2,"lightmanscurrency:coin_copper":23,"minecraft:bone":3,"minecraft:arrow":2,"minecraft:rotten_flesh":2,"lightmanscurrency:coin_iron":12},"minecraft:killed":{"minecraft:skeleton":2,"minecraft:trader_llama":2,"minecraft:zombie":2},"minecraft:used":{"minecraft:shroomlight":31,"waystones:waystone":2,"minecraft:stone_brick_slab":9,"minecraft:water_bucket":18,"minecraft:netherite_sword":12,"waystones:sandy_waystone":2,"minecraft:acacia_stairs":8,"minecraft:black_concrete":3,"minecraft:chiseled_sandstone":52,"minecraft:sandstone_stairs":34,"minecraft:red_concrete":11,"minecraft:spruce_slab":2,"minecraft:chest":8,"minecraft:white_terracotta":4,"minecraft:iron_sword":34,"minecraft:sandstone_wall":26,"minecraft:stone_brick_stairs":25,"minecraft:chiseled_stone_bricks":35,"minecraft:glowstone":3,"minecraft:dirt":21,"minecraft:sand":27,"minecraft:cut_sandstone_slab":9,"minecraft:oak_slab":2,"minecraft:stone_brick_wall":13,"minecraft:white_concrete":2,"minecraft:acacia_planks":4},"minecraft:custom":{"minecraft:time_since_rest":15178,"minecraft:waystone_activated":4,"minecraft:damage_taken":240,"minecraft:sprint_one_cm":4337,"minecraft:walk_one_cm":203053,"minecraft:mob_kills":6,"minecraft:damage_dealt":1528,"minecraft:damage_dealt_absorbed":80,"minecraft:fly_one_cm":303607,"minecraft:open_chest":41,"minecraft:crouch_one_cm":427,"minecraft:open_shulker_box":1,"minecraft:play_time":70488,"minecraft:walk_under_water_one_cm":15466,"minecraft:deaths":1,"minecraft:sneak_time":875,"minecraft:jump":105,"minecraft:leave_game":2,"minecraft:walk_on_water_one_cm":1435,"minecraft:time_since_death":15024,"minecraft:total_world_time":70488,"minecraft:climb_one_cm":28}},"DataVersion":3465}