{"stats":{"minecraft:picked_up":{"minecraft:stick":4,"minecraft:item_frame":1,"minecraft:pink_banner":3,"minecraft:cobweb":1,"minecraft:cherry_sapling":1},"minecraft:custom":{"minecraft:time_since_rest":40401,"minecraft:open_chest":8,"minecraft:crouch_one_cm":165,"minecraft:waystone_activated":1,"minecraft:sprint_one_cm":2148,"minecraft:play_time":40401,"minecraft:walk_one_cm":168356,"minecraft:sneak_time":915,"minecraft:walk_under_water_one_cm":1637,"minecraft:jump":90,"minecraft:leave_game":2,"minecraft:walk_on_water_one_cm":4983,"minecraft:time_since_death":40401,"minecraft:total_world_time":40613,"minecraft:fly_one_cm":235218},"minecraft:used":{"minecraft:oak_log":2,"waystones:waystone":1,"minecraft:acacia_stairs":8,"minecraft:dark_prismarine_slab":1,"minecraft:oak_stairs":6,"minecraft:red_stained_glass":2,"lightmanscurrency:armor_display":2,"minecraft:chest":10,"minecraft:white_terracotta":3,"minecraft:stripped_oak_log":1,"minecraft:cherry_leaves":86}},"DataVersion":3465}