{"stats":{"minecraft:custom":{"minecraft:interact_with_anvil":1,"minecraft:mob_kills":15,"minecraft:interact_with_crafting_table":119,"minecraft:leave_game":32,"minecraft:time_since_death":171,"minecraft:climb_one_cm":2279,"minecraft:sprint_one_cm":264772,"minecraft:walk_one_cm":2563772,"minecraft:drop":1,"minecraft:talked_to_villager":1,"minecraft:play_time":685717,"minecraft:sneak_time":2286,"minecraft:deaths":6,"minecraft:walk_under_water_one_cm":41363,"minecraft:boat_one_cm":54587,"minecraft:jump":3137,"minecraft:walk_on_water_one_cm":61566,"minecraft:total_world_time":685929,"minecraft:interact_with_furnace":22,"minecraft:time_since_rest":200,"minecraft:waystone_activated":7,"minecraft:damage_taken":2010,"minecraft:damage_dealt":2197,"minecraft:swim_one_cm":40825,"minecraft:fly_one_cm":1321480,"minecraft:open_chest":161,"minecraft:crouch_one_cm":433,"minecraft:fall_one_cm":25764},"minecraft:used":{"minecraft:oak_fence":1,"waystones:sandy_waystone":1,"minecraft:stone_shovel":829,"minecraft:chest":13,"minecraft:white_terracotta":3,"minecraft:iron_sword":71,"minecraft:wooden_shovel":123,"minecraft:mossy_stone_brick_slab":9,"minecraft:sandstone_wall":12,"minecraft:torch":6,"minecraft:dirt":63,"minecraft:shroomlight":11,"minecraft:wooden_axe":93,"minecraft:stone_brick_slab":19,"minecraft:rooted_dirt":1,"minecraft:oak_stairs":6,"lightmanscurrency:armor_display":2,"minecraft:cherry_leaves":86,"minecraft:stone_brick_stairs":49,"minecraft:stone_bricks":20,"minecraft:oak_sapling":67,"minecraft:furnace":1,"minecraft:acacia_planks":1,"minecraft:mossy_stone_brick_wall":12,"minecraft:cooked_mutton":3,"minecraft:acacia_boat":1,"minecraft:sandstone_stairs":24,"minecraft:red_stained_glass":2,"minecraft:stone_pickaxe":553,"minecraft:dark_oak_sign":3,"minecraft:baked_potato":15,"minecraft:wooden_pickaxe":13,"minecraft:mossy_stone_brick_stairs":8,"minecraft:sandstone":9,"minecolonies:questlog":2,"minecraft:sugar_cane":3,"minecraft:dark_prismarine_slab":2,"minecraft:crafting_table":6,"minecraft:white_bed":3,"minecraft:stone_brick_wall":25,"minecraft:oak_log":2,"waystones:waystone":5,"minecraft:acacia_stairs":8,"minecraft:chiseled_sandstone":39,"waystones:mossy_waystone":1,"minecraft:chiseled_stone_bricks":103,"minecraft:stone_axe":967,"minecraft:jungle_sign":1,"minecraft:cobblestone":2,"minecraft:sandstone_slab":9,"minecraft:stripped_oak_log":1,"structurize:sceptergold":16,"minecraft:bone_meal":108},"minecraft:killed_by":{"duneons:mountaineer":4},"minecraft:mined":{"minecraft:white_bed":3,"duneons:golden_barley":98,"minecolonies:blockhuttownhall":1,"farmersdelight:wild_carrots":10,"minecraft:jungle_leaves":5,"duneons:charredstone":1,"minecraft:acacia_log":90,"minecraft:allium":2,"minecraft:grass_block":913,"minecraft:jungle_log":16,"farmersdelight:wild_cabbages":12,"minecraft:moss_block":23,"minecraft:sandstone":7,"minecraft:rooted_dirt":5,"farmersdelight:wild_onions":9,"duneons:charredgrassblock":5,"minecraft:packed_mud":65,"minecolonies:blockconstructiontape":3,"minecraft:iron_ore":7,"minecraft:moss_carpet":1,"minecraft:deepslate_iron_ore":1,"minecraft:vine":1,"minecraft:stripped_oak_log":4,"minecraft:azalea":1,"minecraft:stone":375,"minecraft:bone_block":12,"minecraft:acacia_leaves":18,"minecraft:dandelion":1,"minecraft:crafting_table":5,"minecraft:torch":5,"minecraft:oak_wood":239,"minecraft:dead_bush":2,"minecraft:tall_grass":36,"minecraft:copper_ore":18,"duneons:junglefern":1,"farmersdelight:wild_tomatoes":4,"minecraft:wall_torch":1,"farmersdelight:wild_beetroots":1,"minecraft:cactus":3,"farmersdelight:sandy_shrub":16,"minecraft:coarse_dirt":12,"minecraft:grass":105,"minecraft:oak_log":404,"minecraft:coal_ore":29,"minecraft:gravel":27,"minecraft:sand":5,"minecraft:dirt":57,"minecraft:acacia_planks":1,"duneons:dungeonscharreddirt":28,"minecraft:oak_leaves":90,"minecraft:fern":8},"minecraft:dropped":{"minecraft:dirt":1},"minecraft:broken":{"minecraft:wooden_shovel":1,"minecraft:stone_pickaxe":2,"minecraft:stone_axe":6,"minecraft:wooden_axe":1,"minecraft:stone_shovel":5},"minecraft:killed":{"duneons:mountaineer":5,"minecraft:sheep":6,"minecraft:trader_llama":2,"minecraft:zombie":1,"duneons:windcaller":1},"minecraft:crafted":{"minecraft:oak_planks":1332,"minecraft:stone_shovel":10,"minecraft:cobblestone_slab":24,"minecraft:barrel":1,"minecraft:iron_nugget":9,"minecraft:furnace":5,"minecolonies:blockhutbuilder":1,"minecraft:cobblestone_stairs":44,"minecraft:bone_meal":135,"minecraft:cooked_mutton":5,"sophisticatedbackpacks:copper_backpack":1,"minecraft:leather":2,"minecraft:ladder":3,"minecraft:stone_pickaxe":9,"minecraft:cobblestone_wall":12,"minecraft:chest":4,"structurize:sceptergold":1,"domum_ornamentum:blockbarreldeco_onside":1,"minecraft:stone_hoe":1,"minecolonies:resourcescroll":1,"minecraft:oak_fence":132,"minecraft:oak_slab":228,"minecraft:wooden_shovel":8,"minecraft:crafting_table":7,"minecraft:wooden_pickaxe":6,"minecraft:copper_ingot":60,"minecraft:hay_block":53,"minecolonies:blockhutminer":1,"minecraft:campfire":1,"minecraft:stone_axe":6,"minecolonies:blockhuttavern":1,"minecraft:acacia_boat":1,"minecraft:jungle_planks":4,"domum_ornamentum:blockbarreldeco_standing":1,"minecraft:oak_fence_gate":6,"minecraft:wooden_hoe":3,"minecraft:stick":164,"minecraft:iron_ingot":8,"minecraft:iron_pickaxe":1,"minecraft:oak_stairs":488,"minecraft:wooden_axe":3,"minecraft:acacia_door":3,"minecraft:gold_ingot":8,"minecraft:white_bed":5,"minecraft:acacia_planks":276,"minecraft:torch":36,"minecolonies:blockminecoloniesrack":1,"minecraft:shears":1},"minecraft:picked_up":{"minecolonies:blockhuttownhall":2,"minecraft:cocoa_beans":6,"minecraft:crafting_table":5,"minecraft:coarse_dirt":10,"minecraft:wheat":480,"minecraft:allium":20,"minecraft:lead":2,"duneons:junglefern":1,"minecraft:moss_carpet":2,"minecraft:raw_copper":60,"minecraft:item_frame":1,"farmersdelight:cabbage":1,"minecolonies:eggplant":1,"minecraft:jungle_sapling":1,"minecraft:azalea":1,"minecraft:sugar_cane":3,"minecraft:chest":1,"farmersdelight:cabbage_seeds":11,"minecraft:egg":4,"minecraft:sandstone":8,"minecraft:stick":112,"minecraft:raw_iron":8,"minecraft:torch":6,"minecraft:acacia_log":88,"sophisticatedbackpacks:backpack":1,"farmersdelight:tomato_seeds":4,"minecraft:carrot":10,"minecraft:cactus":4,"minecraft:rotten_flesh":2,"farmersdelight:wild_cabbages":1,"minecraft:beetroot_seeds":6,"farmersdelight:onion":9,"minecraft:mutton":8,"minecraft:bone_block":15,"minecraft:white_wool":19,"minecraft:cobblestone":350,"minecraft:stripped_oak_log":4,"duneons:dungeonscharreddirt":23,"minecraft:jungle_log":11,"minecraft:leather":2,"minecraft:packed_mud":57,"minecraft:flint":3,"waystones:sandy_waystone":1,"minecraft:oak_log":399,"minecraft:lily_pad":2,"minecraft:dirt":950,"duneons:charredgrassblock":5,"minecraft:apple":16,"minecraft:wheat_seeds":29,"minecraft:pink_banner":3,"minecraft:cobweb":1,"minecraft:dark_oak_sign":1,"minecraft:moss_block":22,"minecraft:acacia_sapling":23,"minecraft:oak_planks":20,"duckling:duck_egg":25,"duneons:dungeonscharredcobblestone":1,"minecraft:dandelion":1,"minecraft:gravel":24,"duneons:powerfulbow":1,"minecraft:sand":65,"minecraft:white_bed":3,"minecraft:oak_wood":171,"minecraft:cherry_sapling":1,"minecraft:rooted_dirt":4,"minecraft:oak_sapling":165,"minecraft:coal":30}},"DataVersion":3465}