{"stats":{"minecraft:custom":{"minecraft:time_since_rest":120303,"minecraft:waystone_activated":6,"minecraft:sprint_one_cm":8856,"minecraft:damage_taken":240,"minecraft:walk_one_cm":320905,"minecraft:fly_one_cm":1278269,"minecraft:open_chest":57,"minecraft:crouch_one_cm":211,"minecraft:play_time":163110,"minecraft:deaths":1,"minecraft:sneak_time":1858,"minecraft:walk_under_water_one_cm":16572,"minecraft:jump":192,"minecraft:leave_game":25,"minecraft:walk_on_water_one_cm":5000,"minecraft:time_since_death":120259,"minecraft:total_world_time":163322,"minecraft:climb_one_cm":163},"minecraft:picked_up":{"minecraft:stick":4,"minecolonies:blockhuttownhall":1,"sophisticatedbackpacks:backpack":1,"waystones:sandy_waystone":1,"minecraft:item_frame":1,"minecraft:pink_banner":3,"minecraft:dark_oak_sign":1,"minecraft:cobweb":1,"minecraft:cherry_sapling":1,"minecraft:oak_sapling":1},"minecraft:used":{"minecraft:shroomlight":11,"minecraft:oak_log":2,"waystones:waystone":4,"minecraft:stone_brick_slab":19,"minecraft:acacia_stairs":8,"waystones:sandy_waystone":1,"minecraft:chiseled_sandstone":39,"minecraft:sandstone_stairs":24,"minecraft:red_stained_glass":2,"minecraft:oak_stairs":6,"minecraft:dark_oak_sign":3,"waystones:mossy_waystone":1,"lightmanscurrency:armor_display":2,"minecraft:chest":11,"minecraft:mossy_stone_brick_stairs":8,"minecraft:white_terracotta":3,"minecraft:sandstone":9,"minecraft:cherry_leaves":86,"minecraft:sandstone_wall":12,"minecraft:mossy_stone_brick_slab":9,"minecraft:stone_brick_stairs":49,"minecraft:stone_bricks":20,"minecraft:chiseled_stone_bricks":103,"minecraft:jungle_sign":1,"minecraft:dirt":32,"minecraft:dark_prismarine_slab":2,"minecraft:sandstone_slab":9,"minecraft:stripped_oak_log":1,"minecraft:stone_brick_wall":25,"minecraft:mossy_stone_brick_wall":12}},"DataVersion":3465}