{"stats":{"minecraft:picked_up":{"lightmanscurrency:coin_copper":23,"minecraft:arrow":2,"minecraft:bone":3,"minecraft:rotten_flesh":2,"lightmanscurrency:coin_iron":12},"minecraft:killed":{"minecraft:skeleton":2,"minecraft:zombie":2},"minecraft:used":{"minecraft:shroomlight":31,"waystones:waystone":1,"minecraft:acacia_stairs":8,"minecraft:black_concrete":3,"minecraft:oak_slab":2,"minecraft:red_concrete":11,"minecraft:spruce_slab":2,"minecraft:chest":8,"minecraft:white_terracotta":4,"minecraft:white_concrete":2,"minecraft:iron_sword":34,"minecraft:acacia_planks":4,"minecraft:glowstone":3},"minecraft:custom":{"minecraft:time_since_rest":46488,"minecraft:open_chest":41,"minecraft:waystone_activated":1,"minecraft:crouch_one_cm":380,"minecraft:sprint_one_cm":4295,"minecraft:play_time":46488,"minecraft:open_shulker_box":1,"minecraft:walk_one_cm":157627,"minecraft:sneak_time":705,"minecraft:mob_kills":4,"minecraft:jump":87,"minecraft:damage_dealt":969,"minecraft:leave_game":2,"minecraft:time_since_death":46488,"minecraft:climb_one_cm":28,"minecraft:total_world_time":46488,"minecraft:damage_dealt_absorbed":80,"minecraft:fly_one_cm":198138}},"DataVersion":3465}