{"stats":{"minecraft:picked_up":{"minecraft:stick":4,"minecraft:leather":2,"minecraft:lead":2,"minecraft:oak_log":3,"minecraft:dirt":1,"minecraft:iron_axe":1,"lightmanscurrency:coin_copper":23,"minecraft:bone":3,"minecraft:arrow":2,"minecraft:rotten_flesh":2,"waystones:waystone":1,"minecraft:oak_sapling":1,"minecraft:bamboo":13,"lightmanscurrency:coin_iron":12,"minecraft:cobblestone":3},"minecraft:killed":{"minecraft:skeleton":2,"minecraft:trader_llama":2,"minecraft:zombie":2},"minecraft:mined":{"minecraft:acacia_leaves":4,"minecraft:grass_block":1,"minecraft:oak_log":3,"minecraft:stone":3,"minecraft:oak_leaves":6},"minecraft:used":{"minecraft:shroomlight":31,"waystones:waystone":2,"minecraft:stone_brick_slab":9,"minecraft:water_bucket":34,"minecraft:netherite_sword":12,"waystones:sandy_waystone":3,"minecraft:acacia_stairs":8,"minecraft:black_concrete":3,"minecraft:chiseled_sandstone":68,"minecraft:sandstone_stairs":48,"minecraft:iron_axe":12,"minecraft:red_concrete":11,"minecraft:spruce_slab":2,"waystones:mossy_waystone":1,"minecraft:wooden_pickaxe":3,"minecraft:chest":8,"minecraft:mossy_stone_brick_stairs":21,"minecraft:white_terracotta":4,"minecraft:iron_sword":34,"minecraft:mossy_stone_brick_slab":16,"minecraft:sandstone_wall":29,"minecraft:stone_brick_stairs":25,"minecraft:chiseled_stone_bricks":70,"minecraft:glowstone":3,"minecraft:dirt":27,"minecraft:sand":69,"minecraft:cut_sandstone_slab":18,"minecraft:oak_slab":2,"minecraft:crafting_table":1,"minecraft:stone_brick_wall":13,"minecraft:white_concrete":2,"minecraft:acacia_planks":4,"minecraft:mossy_stone_brick_wall":14},"minecraft:crafted":{"minecraft:oak_planks":8,"minecraft:crafting_table":1,"minecraft:wooden_pickaxe":1},"minecraft:custom":{"minecraft:time_since_rest":39178,"minecraft:waystone_activated":6,"minecraft:damage_taken":260,"minecraft:sprint_one_cm":39411,"minecraft:walk_one_cm":285885,"minecraft:mob_kills":6,"minecraft:drop":1,"minecraft:damage_dealt":1528,"minecraft:damage_dealt_absorbed":80,"minecraft:swim_one_cm":1679,"minecraft:interact_with_crafting_table":2,"minecraft:fly_one_cm":344922,"minecraft:open_chest":41,"minecraft:crouch_one_cm":457,"minecraft:open_shulker_box":1,"minecraft:play_time":94488,"minecraft:walk_under_water_one_cm":19817,"minecraft:deaths":1,"minecraft:sneak_time":958,"minecraft:jump":358,"minecraft:leave_game":2,"minecraft:walk_on_water_one_cm":2925,"minecraft:time_since_death":39024,"minecraft:total_world_time":94488,"minecraft:climb_one_cm":2308,"minecraft:fall_one_cm":1626},"minecraft:dropped":{"minecraft:iron_axe":1}},"DataVersion":3465}