{"stats":{"minecraft:used":{"waystones:waystone":1,"minecraft:chest":7,"minecraft:acacia_stairs":8,"minecraft:acacia_planks":4,"minecraft:shroomlight":15},"minecraft:custom":{"minecraft:jump":23,"minecraft:open_chest":41,"minecraft:time_since_rest":28169,"minecraft:waystone_activated":1,"minecraft:crouch_one_cm":86,"minecraft:open_shulker_box":1,"minecraft:sprint_one_cm":4049,"minecraft:play_time":28169,"minecraft:time_since_death":28169,"minecraft:walk_one_cm":104627,"minecraft:sneak_time":61,"minecraft:total_world_time":28169,"minecraft:fly_one_cm":4565}},"DataVersion":3465}