{"stats":{"minecraft:custom":{"minecraft:mob_kills":9,"minecraft:interact_with_crafting_table":4,"minecraft:leave_game":26,"minecraft:time_since_death":43807,"minecraft:climb_one_cm":611,"minecraft:time_since_rest":43836,"minecraft:waystone_activated":6,"minecraft:sprint_one_cm":63308,"minecraft:damage_taken":690,"minecraft:walk_one_cm":632532,"minecraft:drop":1,"minecraft:damage_dealt":810,"minecraft:swim_one_cm":3788,"minecraft:fly_one_cm":1284337,"minecraft:open_chest":61,"minecraft:crouch_one_cm":214,"minecraft:play_time":223551,"minecraft:deaths":3,"minecraft:sneak_time":1924,"minecraft:walk_under_water_one_cm":25335,"minecraft:jump":641,"minecraft:walk_on_water_one_cm":22995,"minecraft:total_world_time":223763,"minecraft:fall_one_cm":3110},"minecraft:killed_by":{"duneons:mountaineer":2},"minecraft:picked_up":{"minecraft:crafting_table":2,"minecraft:allium":20,"minecolonies:blockhuttownhall":1,"duneons:junglefern":1,"waystones:sandy_waystone":1,"minecraft:dirt":59,"minecraft:item_frame":1,"duneons:charredgrassblock":3,"minecraft:wheat_seeds":7,"minecraft:pink_banner":3,"minecraft:cobweb":1,"minecraft:dark_oak_sign":1,"minecraft:azalea":1,"minecraft:moss_block":9,"minecraft:sugar_cane":3,"minecraft:acacia_sapling":7,"minecraft:stick":8,"minecraft:acacia_log":22,"sophisticatedbackpacks:backpack":1,"duneons:powerfulbow":1,"farmersdelight:tomato_seeds":4,"minecraft:white_bed":2,"minecraft:beetroot_seeds":1,"farmersdelight:onion":9,"minecraft:cherry_sapling":1,"minecraft:rooted_dirt":2,"minecraft:oak_sapling":1,"minecraft:mutton":6,"minecraft:cobblestone":4,"minecraft:white_wool":5},"minecraft:broken":{"minecraft:wooden_shovel":1},"minecraft:mined":{"minecraft:acacia_leaves":2,"minecraft:white_bed":2,"minecraft:crafting_table":2,"minecraft:acacia_log":23,"minecraft:allium":2,"minecraft:grass_block":58,"minecraft:tall_grass":3,"duneons:junglefern":1,"farmersdelight:wild_tomatoes":4,"minecraft:moss_block":9,"minecraft:rooted_dirt":2,"farmersdelight:wild_onions":9,"farmersdelight:wild_beetroots":1,"duneons:charredgrassblock":3,"minecraft:grass":5,"minecraft:azalea":1,"minecraft:stone":4,"minecraft:fern":2},"minecraft:killed":{"duneons:mountaineer":3,"minecraft:sheep":5,"duneons:windcaller":1},"minecraft:crafted":{"minecraft:wooden_shovel":1,"minecraft:crafting_table":1,"minecraft:wooden_pickaxe":1,"minecraft:stick":12,"minecraft:stone_pickaxe":1,"minecraft:wooden_axe":1,"structurize:sceptergold":1,"minecraft:white_bed":1,"minecraft:acacia_planks":20},"minecraft:dropped":{"minecraft:dirt":1},"minecraft:used":{"waystones:sandy_waystone":1,"minecraft:sandstone_stairs":24,"minecraft:red_stained_glass":2,"minecraft:dark_oak_sign":3,"minecraft:wooden_pickaxe":10,"minecraft:chest":11,"minecraft:white_terracotta":3,"minecraft:mossy_stone_brick_stairs":8,"minecraft:sandstone":9,"minecraft:iron_sword":22,"minecraft:wooden_shovel":63,"minecraft:mossy_stone_brick_slab":9,"minecraft:sandstone_wall":12,"minecraft:dirt":34,"minecraft:dark_prismarine_slab":2,"minecraft:crafting_table":3,"minecraft:white_bed":3,"minecraft:stone_brick_wall":25,"minecraft:shroomlight":11,"minecraft:oak_log":2,"waystones:waystone":4,"minecraft:stone_brick_slab":19,"minecraft:wooden_axe":38,"minecraft:acacia_stairs":8,"minecraft:chiseled_sandstone":39,"minecraft:oak_stairs":6,"minecraft:rooted_dirt":1,"waystones:mossy_waystone":1,"lightmanscurrency:armor_display":2,"minecraft:cherry_leaves":86,"minecraft:stone_brick_stairs":49,"minecraft:stone_bricks":20,"minecraft:jungle_sign":1,"minecraft:chiseled_stone_bricks":103,"minecraft:sandstone_slab":9,"minecraft:stripped_oak_log":1,"minecraft:mossy_stone_brick_wall":12,"structurize:sceptergold":2}},"DataVersion":3465}