{"stats":{"minecraft:custom":{"minecraft:time_since_rest":444,"minecraft:waystone_activated":6,"minecraft:sprint_one_cm":8856,"minecraft:damage_taken":480,"minecraft:walk_one_cm":420899,"minecraft:mob_kills":1,"minecraft:damage_dealt":80,"minecraft:interact_with_crafting_table":1,"minecraft:fly_one_cm":1279321,"minecraft:open_chest":58,"minecraft:crouch_one_cm":214,"minecraft:play_time":175551,"minecraft:deaths":2,"minecraft:sneak_time":1874,"minecraft:walk_under_water_one_cm":16783,"minecraft:jump":292,"minecraft:leave_game":26,"minecraft:walk_on_water_one_cm":5836,"minecraft:time_since_death":355,"minecraft:total_world_time":175763,"minecraft:climb_one_cm":163,"minecraft:fall_one_cm":727},"minecraft:killed_by":{"duneons:mountaineer":1},"minecraft:picked_up":{"minecraft:crafting_table":1,"minecraft:stick":6,"minecolonies:blockhuttownhall":1,"minecraft:acacia_log":22,"sophisticatedbackpacks:backpack":1,"waystones:sandy_waystone":1,"minecraft:item_frame":1,"minecraft:beetroot_seeds":1,"farmersdelight:onion":9,"minecraft:pink_banner":3,"minecraft:dark_oak_sign":1,"minecraft:cobweb":1,"minecraft:cherry_sapling":1,"minecraft:oak_sapling":1,"minecraft:sugar_cane":3,"minecraft:mutton":1,"minecraft:acacia_sapling":7,"minecraft:white_wool":1,"minecraft:allium":20},"minecraft:mined":{"minecraft:acacia_leaves":2,"minecraft:crafting_table":1,"minecraft:grass":1,"minecraft:allium":2,"minecraft:acacia_log":23,"farmersdelight:wild_beetroots":1,"farmersdelight:wild_onions":9},"minecraft:killed":{"minecraft:sheep":1},"minecraft:crafted":{"minecraft:crafting_table":1,"minecraft:stick":4,"minecraft:wooden_pickaxe":1,"minecraft:wooden_axe":1,"minecraft:acacia_planks":16},"minecraft:used":{"minecraft:shroomlight":11,"minecraft:oak_log":2,"minecraft:wooden_axe":33,"waystones:waystone":4,"minecraft:stone_brick_slab":19,"minecraft:acacia_stairs":8,"waystones:sandy_waystone":1,"minecraft:chiseled_sandstone":39,"minecraft:sandstone_stairs":24,"minecraft:red_stained_glass":2,"minecraft:oak_stairs":6,"minecraft:dark_oak_sign":3,"waystones:mossy_waystone":1,"lightmanscurrency:armor_display":2,"minecraft:chest":11,"minecraft:mossy_stone_brick_stairs":8,"minecraft:white_terracotta":3,"minecraft:sandstone":9,"minecraft:iron_sword":3,"minecraft:cherry_leaves":86,"minecraft:sandstone_wall":12,"minecraft:mossy_stone_brick_slab":9,"minecraft:stone_brick_stairs":49,"minecraft:stone_bricks":20,"minecraft:chiseled_stone_bricks":103,"minecraft:jungle_sign":1,"minecraft:dirt":32,"minecraft:dark_prismarine_slab":2,"minecraft:crafting_table":1,"minecraft:sandstone_slab":9,"minecraft:stripped_oak_log":1,"minecraft:stone_brick_wall":25,"minecraft:mossy_stone_brick_wall":12}},"DataVersion":3465}