{"stats":{"minecraft:custom":{"minecraft:jump":35,"minecraft:open_chest":6,"minecraft:time_since_rest":12935,"minecraft:waystone_activated":1,"minecraft:crouch_one_cm":104,"minecraft:leave_game":1,"minecraft:play_time":12935,"minecraft:time_since_death":12935,"minecraft:walk_on_water_one_cm":758,"minecraft:walk_one_cm":92450,"minecraft:sneak_time":115,"minecraft:total_world_time":13147,"minecraft:walk_under_water_one_cm":792,"minecraft:fly_one_cm":31165},"minecraft:used":{"waystones:waystone":1,"minecraft:acacia_stairs":8,"minecraft:stripped_oak_log":1,"minecraft:white_terracotta":3,"minecraft:cherry_leaves":14,"minecraft:oak_stairs":6}},"DataVersion":3465}