{"stats":{"minecraft:used":{"waystones:waystone":1,"minecraft:chest":7,"minecraft:acacia_stairs":8,"minecraft:acacia_planks":4},"minecraft:custom":{"minecraft:jump":4,"minecraft:open_chest":29,"minecraft:time_since_rest":16169,"minecraft:waystone_activated":1,"minecraft:crouch_one_cm":67,"minecraft:sprint_one_cm":120,"minecraft:play_time":16169,"minecraft:time_since_death":16169,"minecraft:walk_one_cm":38663,"minecraft:sneak_time":29,"minecraft:total_world_time":16169,"minecraft:fly_one_cm":2336}},"DataVersion":3465}