{"stats":{"minecraft:picked_up":{"minecraft:stick":4,"minecraft:item_frame":1,"minecraft:pink_banner":3,"minecraft:cobweb":1,"minecraft:cherry_sapling":1},"minecraft:custom":{"minecraft:time_since_rest":24935,"minecraft:open_chest":6,"minecraft:crouch_one_cm":105,"minecraft:waystone_activated":1,"minecraft:play_time":24935,"minecraft:walk_one_cm":100486,"minecraft:sneak_time":308,"minecraft:walk_under_water_one_cm":1535,"minecraft:jump":43,"minecraft:leave_game":1,"minecraft:walk_on_water_one_cm":4571,"minecraft:time_since_death":24935,"minecraft:total_world_time":25147,"minecraft:fly_one_cm":58469},"minecraft:used":{"waystones:waystone":1,"minecraft:acacia_stairs":8,"minecraft:oak_stairs":6,"minecraft:red_stained_glass":2,"minecraft:white_terracotta":3,"minecraft:stripped_oak_log":1,"minecraft:cherry_leaves":86}},"DataVersion":3465}