{"stats":{"minecraft:picked_up":{"minecraft:cocoa_beans":3,"minecraft:crafting_table":2,"minecraft:basalt":24,"minecraft:glow_ink_sac":1,"minecraft:leather":2,"minecraft:lead":2,"minecraft:tuff":5,"minecraft:oak_log":54,"farmersdelight:tomato":3,"minecraft:dirt":1,"minecraft:raw_copper":46,"minecraft:iron_axe":1,"minecraft:bone":3,"minecraft:blackstone":10,"minecraft:apple":3,"minecraft:wheat_seeds":1,"farmersdelight:cabbage":3,"minecraft:bamboo":16,"minecraft:melon_slice":38,"lightmanscurrency:coin_iron":12,"minecraft:sugar_cane":2,"farmersdelight:cabbage_seeds":11,"minecraft:raw_iron":4,"minecraft:stick":17,"minecraft:smooth_basalt":45,"minecraft:sand":1,"farmersdelight:tomato_seeds":8,"minecraft:carrot":3,"lightmanscurrency:coin_copper":23,"minecraft:arrow":2,"minecraft:rotten_flesh":2,"minecraft:diamond":5,"minecraft:beetroot_seeds":4,"waystones:waystone":1,"minecraft:emerald":1,"minecraft:terracotta":2,"minecraft:oak_sapling":29,"minecraft:mutton":12,"minecraft:coal":36,"minecraft:white_wool":9,"minecraft:cobblestone":7},"minecraft:broken":{"minecraft:stone_pickaxe":1},"minecraft:killed":{"minecraft:sheep":9,"minecraft:skeleton":2,"minecraft:trader_llama":2,"minecraft:zombie":2,"touhou_little_maid:fairy":3},"minecraft:mined":{"minecraft:acacia_leaves":4,"minecraft:blackstone":10,"minecraft:deepslate_diamond_ore":5,"farmersdelight:wild_carrots":3,"minecraft:basalt":26,"minecraft:crafting_table":2,"minecraft:grass_block":1,"minecraft:melon":7,"minecraft:tall_grass":1,"minecraft:copper_ore":11,"minecraft:deepslate_coal_ore":22,"farmersdelight:wild_cabbages":11,"farmersdelight:wild_tomatoes":8,"minecraft:sugar_cane":1,"farmersdelight:wild_beetroots":4,"farmersdelight:sandy_shrub":6,"minecraft:magma_block":2,"minecraft:grass":2,"minecraft:deepslate_iron_ore":4,"minecraft:oak_log":56,"minecraft:coal_ore":14,"minecraft:cocoa":1,"minecraft:sand":1,"minecraft:smooth_basalt":59,"minecraft:terracotta":3,"minecraft:stone":7,"minecraft:small_dripleaf":1,"minecraft:deepslate_emerald_ore":1,"minecraft:oak_leaves":10,"minecraft:fern":4},"minecraft:used":{"minecraft:water_bucket":34,"minecraft:netherite_sword":12,"waystones:sandy_waystone":3,"minecraft:sandstone_stairs":48,"minecraft:red_concrete":11,"minecraft:spruce_slab":2,"minecraft:stone_pickaxe":153,"minecraft:white_terracotta":4,"minecraft:chest":8,"minecraft:wooden_pickaxe":3,"minecraft:mossy_stone_brick_stairs":21,"minecraft:iron_sword":89,"minecraft:sandstone_wall":29,"minecraft:mossy_stone_brick_slab":16,"minecraft:torch":2,"minecraft:dirt":27,"minecraft:sand":69,"minecraft:cut_sandstone_slab":18,"minecraft:oak_slab":2,"minecraft:crafting_table":3,"minecraft:stone_brick_wall":13,"minecraft:shroomlight":31,"waystones:waystone":4,"minecraft:stone_brick_slab":9,"minecraft:acacia_stairs":8,"minecraft:black_concrete":3,"minecraft:chiseled_sandstone":68,"minecraft:iron_axe":80,"minecraft:melon_slice":24,"minecraft:iron_pickaxe":9,"waystones:mossy_waystone":1,"minecraft:stone_brick_stairs":25,"minecraft:smooth_basalt":14,"minecraft:chiseled_stone_bricks":70,"minecraft:glowstone":3,"minecraft:furnace":1,"minecraft:white_concrete":2,"minecraft:acacia_planks":4,"minecraft:mossy_stone_brick_wall":14},"minecraft:crafted":{"minecraft:oak_planks":12,"minecraft:crafting_table":1,"minecraft:wooden_pickaxe":1,"minecraft:furnace":1,"minecraft:stick":4,"minecraft:iron_ingot":4,"minecraft:iron_pickaxe":1,"minecraft:stone_pickaxe":2,"minecraft:torch":4},"minecraft:custom":{"minecraft:interact_with_furnace":3,"minecraft:mob_kills":18,"minecraft:interact_with_crafting_table":5,"minecraft:open_shulker_box":1,"minecraft:leave_game":2,"minecraft:time_since_death":42295,"minecraft:climb_one_cm":4562,"minecraft:time_since_rest":42324,"minecraft:waystone_activated":9,"minecraft:sprint_one_cm":259462,"minecraft:damage_taken":829,"minecraft:walk_one_cm":587341,"minecraft:drop":1,"minecraft:damage_dealt":2909,"minecraft:damage_dealt_absorbed":80,"minecraft:swim_one_cm":11635,"minecraft:fly_one_cm":424874,"minecraft:open_chest":41,"minecraft:crouch_one_cm":796,"minecraft:play_time":154488,"minecraft:deaths":2,"minecraft:sneak_time":1183,"minecraft:walk_under_water_one_cm":26225,"minecraft:jump":1203,"minecraft:walk_on_water_one_cm":15988,"minecraft:total_world_time":154488,"minecraft:fall_one_cm":11979},"minecraft:dropped":{"minecraft:iron_axe":1}},"DataVersion":3465}