{
  "touhou_little_maid:grant_book_on_first_join": {
    "criteria": {
      "tick": "2024-08-16 00:51:02 +0000"
    },
    "done": true
  },
  "farmersdelight:main/root": {
    "criteria": {
      "seeds": "2024-08-16 00:51:02 +0000"
    },
    "done": true
  },
  "touhou_little_maid:give_smart_slab": {
    "criteria": {
      "tick": "2024-08-16 00:51:02 +0000"
    },
    "done": true
  },
  "minecraft:recipes/decorations/crafting_table": {
    "criteria": {
      "unlock_right_away": "2024-08-16 00:51:05 +0000"
    },
    "done": true
  },
  "minecraft:adventure/adventuring_time": {
    "criteria": {
      "minecraft:snowy_plains": "2024-08-16 03:36:01 +0000",
      "minecraft:plains": "2024-08-16 00:51:17 +0000"
    },
    "done": false
  },
  "smallships:recipes/transportation/bamboo_galley": {
    "criteria": {
      "in_water": "2024-08-16 00:53:02 +0000"
    },
    "done": true
  },
  "smallships:recipes/transportation/spruce_cog": {
    "criteria": {
      "in_water": "2024-08-16 00:53:02 +0000"
    },
    "done": true
  },
  "smallships:recipes/transportation/acacia_cog": {
    "criteria": {
      "in_water": "2024-08-16 00:53:02 +0000"
    },
    "done": true
  },
  "smallships:recipes/transportation/jungle_cog": {
    "criteria": {
      "in_water": "2024-08-16 00:53:02 +0000"
    },
    "done": true
  },
  "smallships:recipes/transportation/dark_oak_brigg": {
    "criteria": {
      "in_water": "2024-08-16 00:53:02 +0000"
    },
    "done": true
  },
  "smallships:recipes/transportation/birch_galley": {
    "criteria": {
      "in_water": "2024-08-16 00:53:02 +0000"
    },
    "done": true
  },
  "minecraft:recipes/transportation/cherry_boat": {
    "criteria": {
      "in_water": "2024-08-16 00:53:02 +0000"
    },
    "done": true
  },
  "smallships:recipes/transportation/oak_drakkar": {
    "criteria": {
      "in_water": "2024-08-16 00:53:02 +0000"
    },
    "done": true
  },
  "minecraft:recipes/transportation/bamboo_raft": {
    "criteria": {
      "in_water": "2024-08-16 00:53:02 +0000"
    },
    "done": true
  },
  "smallships:recipes/transportation/mangrove_brigg": {
    "criteria": {
      "in_water": "2024-08-16 00:53:02 +0000"
    },
    "done": true
  },
  "smallships:recipes/transportation/jungle_brigg": {
    "criteria": {
      "in_water": "2024-08-16 00:53:02 +0000"
    },
    "done": true
  },
  "smallships:recipes/transportation/spruce_galley": {
    "criteria": {
      "in_water": "2024-08-16 00:53:02 +0000"
    },
    "done": true
  },
  "smallships:recipes/transportation/birch_cog": {
    "criteria": {
      "in_water": "2024-08-16 00:53:02 +0000"
    },
    "done": true
  },
  "smallships:recipes/transportation/mangrove_drakkar": {
    "criteria": {
      "in_water": "2024-08-16 00:53:02 +0000"
    },
    "done": true
  },
  "smallships:recipes/misc/sail": {
    "criteria": {
      "in_water": "2024-08-16 00:53:02 +0000"
    },
    "done": true
  },
  "smallships:recipes/transportation/acacia_galley": {
    "criteria": {
      "in_water": "2024-08-16 00:53:02 +0000"
    },
    "done": true
  },
  "minecraft:recipes/transportation/acacia_boat": {
    "criteria": {
      "in_water": "2024-08-16 00:53:02 +0000"
    },
    "done": true
  },
  "smallships:recipes/transportation/jungle_galley": {
    "criteria": {
      "in_water": "2024-08-16 00:53:02 +0000"
    },
    "done": true
  },
  "smallships:recipes/transportation/dark_oak_galley": {
    "criteria": {
      "in_water": "2024-08-16 00:53:02 +0000"
    },
    "done": true
  },
  "smallships:recipes/transportation/bamboo_brigg": {
    "criteria": {
      "in_water": "2024-08-16 00:53:02 +0000"
    },
    "done": true
  },
  "smallships:recipes/transportation/spruce_drakkar": {
    "criteria": {
      "in_water": "2024-08-16 00:53:02 +0000"
    },
    "done": true
  },
  "minecraft:recipes/transportation/jungle_boat": {
    "criteria": {
      "in_water": "2024-08-16 00:53:02 +0000"
    },
    "done": true
  },
  "smallships:recipes/transportation/oak_brigg": {
    "criteria": {
      "in_water": "2024-08-16 00:53:02 +0000"
    },
    "done": true
  },
  "smallships:recipes/transportation/bamboo_cog": {
    "criteria": {
      "in_water": "2024-08-16 00:53:02 +0000"
    },
    "done": true
  },
  "smallships:recipes/transportation/oak_cog": {
    "criteria": {
      "in_water": "2024-08-16 00:53:02 +0000"
    },
    "done": true
  },
  "smallships:recipes/transportation/oak_galley": {
    "criteria": {
      "in_water": "2024-08-16 00:53:02 +0000"
    },
    "done": true
  },
  "minecraft:recipes/transportation/spruce_boat": {
    "criteria": {
      "in_water": "2024-08-16 00:53:02 +0000"
    },
    "done": true
  },
  "smallships:recipes/transportation/acacia_brigg": {
    "criteria": {
      "in_water": "2024-08-16 00:53:02 +0000"
    },
    "done": true
  },
  "minecraft:recipes/transportation/birch_boat": {
    "criteria": {
      "in_water": "2024-08-16 00:53:02 +0000"
    },
    "done": true
  },
  "minecraft:recipes/transportation/oak_boat": {
    "criteria": {
      "in_water": "2024-08-16 00:53:02 +0000"
    },
    "done": true
  },
  "smallships:recipes/transportation/mangrove_galley": {
    "criteria": {
      "in_water": "2024-08-16 00:53:02 +0000"
    },
    "done": true
  },
  "smallships:recipes/transportation/dark_oak_cog": {
    "criteria": {
      "in_water": "2024-08-16 00:53:02 +0000"
    },
    "done": true
  },
  "smallships:recipes/transportation/birch_drakkar": {
    "criteria": {
      "in_water": "2024-08-16 00:53:02 +0000"
    },
    "done": true
  },
  "minecraft:recipes/transportation/mangrove_boat": {
    "criteria": {
      "in_water": "2024-08-16 00:53:02 +0000"
    },
    "done": true
  },
  "smallships:recipes/transportation/cherry_drakkar": {
    "criteria": {
      "in_water": "2024-08-16 00:53:02 +0000"
    },
    "done": true
  },
  "smallships:recipes/transportation/dark_oak_drakkar": {
    "criteria": {
      "in_water": "2024-08-16 00:53:02 +0000"
    },
    "done": true
  },
  "smallships:recipes/transportation/jungle_drakkar": {
    "criteria": {
      "in_water": "2024-08-16 00:53:02 +0000"
    },
    "done": true
  },
  "smallships:recipes/transportation/birch_brigg": {
    "criteria": {
      "in_water": "2024-08-16 00:53:02 +0000"
    },
    "done": true
  },
  "smallships:recipes/transportation/acacia_drakkar": {
    "criteria": {
      "in_water": "2024-08-16 00:53:02 +0000"
    },
    "done": true
  },
  "smallships:recipes/transportation/cherry_galley": {
    "criteria": {
      "in_water": "2024-08-16 00:53:02 +0000"
    },
    "done": true
  },
  "smallships:recipes/transportation/cherry_brigg": {
    "criteria": {
      "in_water": "2024-08-16 00:53:02 +0000"
    },
    "done": true
  },
  "smallships:recipes/transportation/spruce_brigg": {
    "criteria": {
      "in_water": "2024-08-16 00:53:02 +0000"
    },
    "done": true
  },
  "smallships:recipes/transportation/bamboo_drakkar": {
    "criteria": {
      "in_water": "2024-08-16 00:53:02 +0000"
    },
    "done": true
  },
  "smallships:recipes/transportation/mangrove_cog": {
    "criteria": {
      "in_water": "2024-08-16 00:53:02 +0000"
    },
    "done": true
  },
  "smallships:recipes/transportation/cherry_cog": {
    "criteria": {
      "in_water": "2024-08-16 00:53:02 +0000"
    },
    "done": true
  },
  "minecraft:recipes/transportation/dark_oak_boat": {
    "criteria": {
      "in_water": "2024-08-16 00:53:02 +0000"
    },
    "done": true
  },
  "minecraft:recipes/decorations/white_glazed_terracotta": {
    "criteria": {
      "has_white_terracotta": "2024-08-16 00:54:31 +0000"
    },
    "done": true
  },
  "domum_ornamentum:recipes/tools/architectscutter": {
    "criteria": {
      "has_log": "2024-08-16 00:58:13 +0000"
    },
    "done": true
  },
  "minecraft:recipes/decorations/oak_hanging_sign": {
    "criteria": {
      "has_stripped_logs": "2024-08-16 00:58:13 +0000"
    },
    "done": true
  },
  "minecraft:recipes/misc/charcoal": {
    "criteria": {
      "has_log": "2024-08-16 00:58:13 +0000"
    },
    "done": true
  },
  "minecraft:recipes/building_blocks/oak_planks": {
    "criteria": {
      "has_logs": "2024-08-16 00:58:13 +0000"
    },
    "done": true
  },
  "minecraft:recipes/building_blocks/stripped_oak_wood": {
    "criteria": {
      "has_log": "2024-08-16 00:58:13 +0000"
    },
    "done": true
  },
  "securitycraft:recipes/misc/sc_manual": {
    "criteria": {
      "has_wood": "2024-08-16 00:58:13 +0000"
    },
    "done": true
  },
  "lightmanscurrency:recipes/misc/traders/large_vending_machine/dye_light_blue": {
    "criteria": {
      "trader": "2024-08-16 03:27:36 +0000"
    },
    "done": true
  },
  "minecraft:recipes/decorations/ladder": {
    "criteria": {
      "has_stick": "2024-08-16 03:24:05 +0000"
    },
    "done": true
  },
  "lightmanscurrency:recipes/misc/traders/card_display/bamboo/cyan": {
    "criteria": {
      "trader": "2024-08-16 03:27:36 +0000"
    },
    "done": true
  },
  "lightmanscurrency:recipes/misc/traders/card_display/warped/lime": {
    "criteria": {
      "trader": "2024-08-16 03:27:36 +0000"
    },
    "done": true
  },
  "securitycraft:recipes/building_blocks/reinforced_light_gray_stained_glass": {
    "criteria": {
      "has_glass": "2024-08-16 03:15:56 +0000"
    },
    "done": true
  },
  "lightmanscurrency:recipes/misc/traders/card_display/dark_oak/orange": {
    "criteria": {
      "trader": "2024-08-16 03:27:36 +0000"
    },
    "done": true
  },
  "minecolonies:recipes/misc/supplycampdeployer": {
    "criteria": {
      "has_chest": "2024-08-16 03:24:58 +0000"
    },
    "done": true
  },
  "lightmanscurrency:recipes/misc/traders/card_display/oak/brown": {
    "criteria": {
      "trader": "2024-08-16 03:27:36 +0000"
    },
    "done": true
  },
  "lightmanscurrency:recipes/misc/traders/card_display/jungle/yellow": {
    "criteria": {
      "trader": "2024-08-16 03:27:36 +0000"
    },
    "done": true
  },
  "securitycraft:recipes/building_blocks/reinforced_green_stained_glass_pane_from_dye": {
    "criteria": {
      "has_glass": "2024-08-16 03:15:56 +0000"
    },
    "done": true
  },
  "lightmanscurrency:recipes/misc/traders/card_display/crimson/blue": {
    "criteria": {
      "trader": "2024-08-16 03:27:36 +0000"
    },
    "done": true
  },
  "lightmanscurrency:recipes/misc/traders/card_display/cherry/light_blue": {
    "criteria": {
      "trader": "2024-08-16 03:27:36 +0000"
    },
    "done": true
  },
  "lightmanscurrency:recipes/misc/traders/card_display/jungle/black": {
    "criteria": {
      "trader": "2024-08-16 03:27:36 +0000"
    },
    "done": true
  },
  "securitycraft:recipes/redstone/reinforced_birch_fence_gate": {
    "criteria": {
      "has_stick": "2024-08-16 03:24:05 +0000"
    },
    "done": true
  },
  "securitycraft:recipes/redstone/reinforced_crimson_fence_gate": {
    "criteria": {
      "has_stick": "2024-08-16 03:24:05 +0000"
    },
    "done": true
  },
  "lightmanscurrency:recipes/misc/traders/card_display/spruce/cyan": {
    "criteria": {
      "trader": "2024-08-16 03:27:36 +0000"
    },
    "done": true
  },
  "lightmanscurrency:recipes/misc/traders/shelf/jungle": {
    "criteria": {
      "trader": "2024-08-16 03:27:36 +0000"
    },
    "done": true
  },
  "securitycraft:recipes/misc/motion_activated_light": {
    "criteria": {
      "has_stick": "2024-08-16 03:24:05 +0000"
    },
    "done": true
  },
  "securitycraft:recipes/redstone/reinforced_jungle_fence_gate": {
    "criteria": {
      "has_stick": "2024-08-16 03:24:05 +0000"
    },
    "done": true
  },
  "securitycraft:recipes/building_blocks/reinforced_orange_stained_glass": {
    "criteria": {
      "has_glass": "2024-08-16 03:15:56 +0000"
    },
    "done": true
  },
  "lightmanscurrency:recipes/misc/traders/card_display/dark_oak/magenta": {
    "criteria": {
      "trader": "2024-08-16 03:27:36 +0000"
    },
    "done": true
  },
  "lightmanscurrency:recipes/misc/traders/shelf/cherry": {
    "criteria": {
      "trader": "2024-08-16 03:27:36 +0000"
    },
    "done": true
  },
  "securitycraft:recipes/building_blocks/reinforced_glass_pane": {
    "criteria": {
      "has_glass": "2024-08-16 03:15:56 +0000"
    },
    "done": true
  },
  "lightmanscurrency:recipes/misc/traders/card_display/dark_oak/lime": {
    "criteria": {
      "trader": "2024-08-16 03:27:36 +0000"
    },
    "done": true
  },
  "lightmanscurrency:recipes/misc/traders/vending_machine/dye_orange": {
    "criteria": {
      "trader": "2024-08-16 03:27:36 +0000"
    },
    "done": true
  },
  "lightmanscurrency:recipes/misc/traders/card_display/warped/red": {
    "criteria": {
      "trader": "2024-08-16 03:27:36 +0000"
    },
    "done": true
  },
  "lightmanscurrency:recipes/misc/traders/large_vending_machine/dye_gray": {
    "criteria": {
      "trader": "2024-08-16 03:27:36 +0000"
    },
    "done": true
  },
  "securitycraft:recipes/building_blocks/reinforced_black_stained_glass": {
    "criteria": {
      "has_glass": "2024-08-16 03:15:56 +0000"
    },
    "done": true
  },
  "lightmanscurrency:recipes/misc/traders/card_display/dark_oak/blue": {
    "criteria": {
      "trader": "2024-08-16 03:27:36 +0000"
    },
    "done": true
  },
  "lightmanscurrency:recipes/misc/traders/card_display/dark_oak/purple": {
    "criteria": {
      "trader": "2024-08-16 03:27:36 +0000"
    },
    "done": true
  },
  "lightmanscurrency:recipes/misc/traders/vending_machine/dye_purple": {
    "criteria": {
      "trader": "2024-08-16 03:27:36 +0000"
    },
    "done": true
  },
  "lightmanscurrency:recipes/misc/traders/card_display/crimson/lime": {
    "criteria": {
      "trader": "2024-08-16 03:27:36 +0000"
    },
    "done": true
  },
  "lightmanscurrency:recipes/misc/traders/card_display/dark_oak/white": {
    "criteria": {
      "trader": "2024-08-16 03:27:36 +0000"
    },
    "done": true
  },
  "lightmanscurrency:recipes/misc/traders/card_display/crimson/green": {
    "criteria": {
      "trader": "2024-08-16 03:27:36 +0000"
    },
    "done": true
  },
  "lightmanscurrency:recipes/misc/traders/card_display/acacia/brown": {
    "criteria": {
      "trader": "2024-08-16 03:27:36 +0000"
    },
    "done": true
  },
  "lightmanscurrency:recipes/misc/traders/card_display/warped/white": {
    "criteria": {
      "trader": "2024-08-16 03:27:36 +0000"
    },
    "done": true
  },
  "lightmanscurrency:recipes/misc/traders/card_display/warped/light_gray": {
    "criteria": {
      "trader": "2024-08-16 03:27:36 +0000"
    },
    "done": true
  },
  "lightmanscurrency:recipes/misc/traders/card_display/oak/yellow": {
    "criteria": {
      "trader": "2024-08-16 03:27:36 +0000"
    },
    "done": true
  },
  "lightmanscurrency:recipes/misc/traders/card_display/birch/red": {
    "criteria": {
      "trader": "2024-08-16 03:27:36 +0000"
    },
    "done": true
  },
  "lightmanscurrency:recipes/misc/traders/shelf2/acacia": {
    "criteria": {
      "trader": "2024-08-16 03:27:36 +0000"
    },
    "done": true
  },
  "lightmanscurrency:recipes/misc/traders/card_display/dark_oak/cyan": {
    "criteria": {
      "trader": "2024-08-16 03:27:36 +0000"
    },
    "done": true
  },
  "lightmanscurrency:recipes/misc/traders/shelf/crimson": {
    "criteria": {
      "trader": "2024-08-16 03:27:36 +0000"
    },
    "done": true
  },
  "minecraft:recipes/tools/wooden_axe": {
    "criteria": {
      "has_stick": "2024-08-16 03:24:05 +0000"
    },
    "done": true
  },
  "securitycraft:recipes/building_blocks/reinforced_purple_stained_glass_pane_from_glass": {
    "criteria": {
      "has_glass": "2024-08-16 03:15:56 +0000"
    },
    "done": true
  },
  "securitycraft:recipes/building_blocks/reinforced_blue_stained_glass_pane_from_dye": {
    "criteria": {
      "has_glass": "2024-08-16 03:15:56 +0000"
    },
    "done": true
  },
  "lightmanscurrency:recipes/misc/traders/card_display/spruce/blue": {
    "criteria": {
      "trader": "2024-08-16 03:27:36 +0000"
    },
    "done": true
  },
  "securitycraft:recipes/redstone/reinforced_spruce_fence_gate": {
    "criteria": {
      "has_stick": "2024-08-16 03:24:05 +0000"
    },
    "done": true
  },
  "lightmanscurrency:recipes/misc/traders/freezer/brown": {
    "criteria": {
      "trader": "2024-08-16 03:27:36 +0000"
    },
    "done": true
  },
  "lightmanscurrency:recipes/misc/traders/card_display/bamboo/light_gray": {
    "criteria": {
      "trader": "2024-08-16 03:27:36 +0000"
    },
    "done": true
  },
  "lightmanscurrency:recipes/misc/traders/card_display/jungle/green": {
    "criteria": {
      "trader": "2024-08-16 03:27:36 +0000"
    },
    "done": true
  },
  "lightmanscurrency:recipes/misc/traders/card_display/spruce/lime": {
    "criteria": {
      "trader": "2024-08-16 03:27:36 +0000"
    },
    "done": true
  },
  "lightmanscurrency:recipes/misc/traders/vending_machine/dye_light_blue": {
    "criteria": {
      "trader": "2024-08-16 03:27:36 +0000"
    },
    "done": true
  },
  "lightmanscurrency:recipes/misc/traders/shelf2/bamboo": {
    "criteria": {
      "trader": "2024-08-16 03:27:36 +0000"
    },
    "done": true
  },
  "lightmanscurrency:recipes/misc/traders/large_vending_machine/dye_red": {
    "criteria": {
      "trader": "2024-08-16 03:27:36 +0000"
    },
    "done": true
  },
  "lightmanscurrency:recipes/misc/traders/card_display/bamboo/white": {
    "criteria": {
      "trader": "2024-08-16 03:27:36 +0000"
    },
    "done": true
  },
  "lightmanscurrency:recipes/misc/traders/freezer/purple": {
    "criteria": {
      "trader": "2024-08-16 03:27:36 +0000"
    },
    "done": true
  },
  "securitycraft:recipes/building_blocks/reinforced_light_blue_stained_glass_pane_from_dye": {
    "criteria": {
      "has_glass": "2024-08-16 03:15:56 +0000"
    },
    "done": true
  },
  "lightmanscurrency:recipes/misc/traders/card_display/crimson/yellow": {
    "criteria": {
      "trader": "2024-08-16 03:27:36 +0000"
    },
    "done": true
  },
  "lightmanscurrency:recipes/misc/traders/card_display/warped/light_blue": {
    "criteria": {
      "trader": "2024-08-16 03:27:36 +0000"
    },
    "done": true
  },
  "lightmanscurrency:recipes/misc/traders/card_display/mangrove/blue": {
    "criteria": {
      "trader": "2024-08-16 03:27:36 +0000"
    },
    "done": true
  },
  "securitycraft:recipes/building_blocks/reinforced_lime_stained_glass_pane_from_glass": {
    "criteria": {
      "has_glass": "2024-08-16 03:15:56 +0000"
    },
    "done": true
  },
  "lightmanscurrency:recipes/misc/traders/large_vending_machine/dye_lime": {
    "criteria": {
      "trader": "2024-08-16 03:27:36 +0000"
    },
    "done": true
  },
  "lightmanscurrency:recipes/misc/traders/card_display/warped/cyan": {
    "criteria": {
      "trader": "2024-08-16 03:27:36 +0000"
    },
    "done": true
  },
  "lightmanscurrency:recipes/misc/traders/card_display/birch/brown": {
    "criteria": {
      "trader": "2024-08-16 03:27:36 +0000"
    },
    "done": true
  },
  "lightmanscurrency:recipes/misc/traders/card_display/crimson/cyan": {
    "criteria": {
      "trader": "2024-08-16 03:27:36 +0000"
    },
    "done": true
  },
  "lightmanscurrency:recipes/misc/traders/card_display/warped/green": {
    "criteria": {
      "trader": "2024-08-16 03:27:36 +0000"
    },
    "done": true
  },
  "lightmanscurrency:recipes/misc/traders/bookshelf/warped": {
    "criteria": {
      "trader": "2024-08-16 03:27:36 +0000"
    },
    "done": true
  },
  "securitycraft:recipes/building_blocks/reinforced_light_blue_stained_glass_pane_from_glass": {
    "criteria": {
      "has_glass": "2024-08-16 03:15:56 +0000"
    },
    "done": true
  },
  "lightmanscurrency:recipes/misc/traders/card_display/bamboo/yellow": {
    "criteria": {
      "trader": "2024-08-16 03:27:36 +0000"
    },
    "done": true
  },
  "lightmanscurrency:recipes/misc/traders/card_display/cherry/brown": {
    "criteria": {
      "trader": "2024-08-16 03:27:36 +0000"
    },
    "done": true
  },
  "lightmanscurrency:recipes/misc/traders/card_display/mangrove/lime": {
    "criteria": {
      "trader": "2024-08-16 03:27:36 +0000"
    },
    "done": true
  },
  "lightmanscurrency:recipes/misc/cash_register": {
    "criteria": {
      "trader": "2024-08-16 03:27:36 +0000"
    },
    "done": true
  },
  "lightmanscurrency:recipes/misc/traders/card_display/acacia/light_blue": {
    "criteria": {
      "trader": "2024-08-16 03:27:36 +0000"
    },
    "done": true
  },
  "lightmanscurrency:currency/specialty_trader": {
    "criteria": {
      "specialty_trader": "2024-08-16 03:27:36 +0000"
    },
    "done": true
  },
  "lightmanscurrency:recipes/misc/traders/card_display/spruce/yellow": {
    "criteria": {
      "trader": "2024-08-16 03:27:36 +0000"
    },
    "done": true
  },
  "lightmanscurrency:recipes/misc/traders/bookshelf/birch": {
    "criteria": {
      "trader": "2024-08-16 03:27:36 +0000"
    },
    "done": true
  },
  "lightmanscurrency:recipes/misc/traders/shelf/warped": {
    "criteria": {
      "trader": "2024-08-16 03:27:36 +0000"
    },
    "done": true
  },
  "lightmanscurrency:recipes/misc/traders/shelf2/dark_oak": {
    "criteria": {
      "trader": "2024-08-16 03:27:36 +0000"
    },
    "done": true
  },
  "lightmanscurrency:recipes/misc/traders/card_display/warped/black": {
    "criteria": {
      "trader": "2024-08-16 03:27:36 +0000"
    },
    "done": true
  },
  "securitycraft:recipes/decorations/display_case": {
    "criteria": {
      "has_item_frame": "2024-08-16 03:24:07 +0000"
    },
    "done": true
  },
  "lightmanscurrency:recipes/misc/traders/vending_machine/dye_cyan": {
    "criteria": {
      "trader": "2024-08-16 03:27:36 +0000"
    },
    "done": true
  },
  "securitycraft:recipes/misc/reinforced_acacia_fence": {
    "criteria": {
      "has_stick": "2024-08-16 03:24:05 +0000"
    },
    "done": true
  },
  "lightmanscurrency:recipes/misc/traders/shelf2/oak": {
    "criteria": {
      "trader": "2024-08-16 03:27:36 +0000"
    },
    "done": true
  },
  "securitycraft:recipes/building_blocks/reinforced_cyan_stained_glass": {
    "criteria": {
      "has_glass": "2024-08-16 03:15:56 +0000"
    },
    "done": true
  },
  "lightmanscurrency:recipes/misc/traders/bookshelf/bamboo": {
    "criteria": {
      "trader": "2024-08-16 03:27:36 +0000"
    },
    "done": true
  },
  "lightmanscurrency:recipes/misc/traders/card_display/birch/gray": {
    "criteria": {
      "trader": "2024-08-16 03:27:36 +0000"
    },
    "done": true
  },
  "lightmanscurrency:recipes/misc/traders/freezer/light_blue": {
    "criteria": {
      "trader": "2024-08-16 03:27:36 +0000"
    },
    "done": true
  },
  "lightmanscurrency:recipes/misc/traders/card_display/bamboo/lime": {
    "criteria": {
      "trader": "2024-08-16 03:27:36 +0000"
    },
    "done": true
  },
  "lightmanscurrency:recipes/misc/traders/shelf/dark_oak": {
    "criteria": {
      "trader": "2024-08-16 03:27:36 +0000"
    },
    "done": true
  },
  "lightmanscurrency:recipes/misc/traders/bookshelf/oak": {
    "criteria": {
      "trader": "2024-08-16 03:27:36 +0000"
    },
    "done": true
  },
  "securitycraft:recipes/building_blocks/reinforced_purple_stained_glass_pane_from_dye": {
    "criteria": {
      "has_glass": "2024-08-16 03:15:56 +0000"
    },
    "done": true
  },
  "lightmanscurrency:recipes/misc/traders/bookshelf/mangrove": {
    "criteria": {
      "trader": "2024-08-16 03:27:36 +0000"
    },
    "done": true
  },
  "lightmanscurrency:recipes/misc/traders/card_display/acacia/pink": {
    "criteria": {
      "trader": "2024-08-16 03:27:36 +0000"
    },
    "done": true
  },
  "lightmanscurrency:recipes/misc/traders/card_display/warped/blue": {
    "criteria": {
      "trader": "2024-08-16 03:27:36 +0000"
    },
    "done": true
  },
  "lightmanscurrency:recipes/misc/traders/card_display/bamboo/blue": {
    "criteria": {
      "trader": "2024-08-16 03:27:36 +0000"
    },
    "done": true
  },
  "lightmanscurrency:recipes/misc/traders/vending_machine/dye_red": {
    "criteria": {
      "trader": "2024-08-16 03:27:36 +0000"
    },
    "done": true
  },
  "securitycraft:recipes/building_blocks/reinforced_white_stained_glass": {
    "criteria": {
      "has_glass": "2024-08-16 03:15:56 +0000"
    },
    "done": true
  },
  "lightmanscurrency:recipes/misc/traders/card_display/spruce/red": {
    "criteria": {
      "trader": "2024-08-16 03:27:36 +0000"
    },
    "done": true
  },
  "lightmanscurrency:recipes/misc/traders/card_display/warped/brown": {
    "criteria": {
      "trader": "2024-08-16 03:27:36 +0000"
    },
    "done": true
  },
  "lightmanscurrency:recipes/misc/traders/display_case": {
    "criteria": {
      "trader": "2024-08-16 03:27:36 +0000"
    },
    "done": true
  },
  "lightmanscurrency:recipes/misc/auction_stand/bamboo": {
    "criteria": {
      "trader": "2024-08-16 03:27:36 +0000"
    },
    "done": true
  },
  "securitycraft:recipes/redstone/reinforced_bamboo_fence_gate": {
    "criteria": {
      "has_stick": "2024-08-16 03:24:05 +0000"
    },
    "done": true
  },
  "securitycraft:recipes/building_blocks/reinforced_red_stained_glass_pane_from_dye": {
    "criteria": {
      "has_glass": "2024-08-16 03:15:56 +0000"
    },
    "done": true
  },
  "lightmanscurrency:recipes/misc/traders/card_display/acacia/cyan": {
    "criteria": {
      "trader": "2024-08-16 03:27:36 +0000"
    },
    "done": true
  },
  "lightmanscurrency:recipes/misc/traders/card_display/bamboo/red": {
    "criteria": {
      "trader": "2024-08-16 03:27:36 +0000"
    },
    "done": true
  },
  "lightmanscurrency:recipes/misc/traders/vending_machine/dye_pink": {
    "criteria": {
      "trader": "2024-08-16 03:27:36 +0000"
    },
    "done": true
  },
  "securitycraft:recipes/building_blocks/reinforced_magenta_stained_glass": {
    "criteria": {
      "has_glass": "2024-08-16 03:15:56 +0000"
    },
    "done": true
  },
  "lightmanscurrency:recipes/misc/traders/card_display/jungle/pink": {
    "criteria": {
      "trader": "2024-08-16 03:27:36 +0000"
    },
    "done": true
  },
  "lightmanscurrency:recipes/misc/traders/freezer/pink": {
    "criteria": {
      "trader": "2024-08-16 03:27:36 +0000"
    },
    "done": true
  },
  "securitycraft:recipes/building_blocks/reinforced_black_stained_glass_pane_from_dye": {
    "criteria": {
      "has_glass": "2024-08-16 03:15:56 +0000"
    },
    "done": true
  },
  "lightmanscurrency:recipes/misc/traders/card_display/crimson/magenta": {
    "criteria": {
      "trader": "2024-08-16 03:27:36 +0000"
    },
    "done": true
  },
  "lightmanscurrency:recipes/misc/traders/large_vending_machine/dye_purple": {
    "criteria": {
      "trader": "2024-08-16 03:27:36 +0000"
    },
    "done": true
  },
  "lightmanscurrency:recipes/misc/traders/freezer/light_gray": {
    "criteria": {
      "trader": "2024-08-16 03:27:36 +0000"
    },
    "done": true
  },
  "lightmanscurrency:recipes/misc/traders/card_display/dark_oak/black": {
    "criteria": {
      "trader": "2024-08-16 03:27:36 +0000"
    },
    "done": true
  },
  "lightmanscurrency:recipes/misc/traders/card_display/oak/gray": {
    "criteria": {
      "trader": "2024-08-16 03:27:36 +0000"
    },
    "done": true
  },
  "minecraft:recipes/decorations/campfire": {
    "criteria": {
      "has_stick": "2024-08-16 03:24:05 +0000"
    },
    "done": true
  },
  "lightmanscurrency:recipes/misc/traders/large_vending_machine/dye_light_gray": {
    "criteria": {
      "trader": "2024-08-16 03:27:36 +0000"
    },
    "done": true
  },
  "securitycraft:recipes/building_blocks/reinforced_yellow_stained_glass_pane_from_glass": {
    "criteria": {
      "has_glass": "2024-08-16 03:15:56 +0000"
    },
    "done": true
  },
  "securitycraft:recipes/building_blocks/reinforced_green_stained_glass_pane_from_glass": {
    "criteria": {
      "has_glass": "2024-08-16 03:15:56 +0000"
    },
    "done": true
  },
  "minecraft:recipes/tools/wooden_hoe": {
    "criteria": {
      "has_stick": "2024-08-16 03:24:05 +0000"
    },
    "done": true
  },
  "lightmanscurrency:recipes/misc/traders/card_display/birch/yellow": {
    "criteria": {
      "trader": "2024-08-16 03:27:36 +0000"
    },
    "done": true
  },
  "lightmanscurrency:recipes/misc/traders/card_display/acacia/yellow": {
    "criteria": {
      "trader": "2024-08-16 03:27:36 +0000"
    },
    "done": true
  },
  "lightmanscurrency:recipes/misc/traders/large_vending_machine/dye_pink": {
    "criteria": {
      "trader": "2024-08-16 03:27:36 +0000"
    },
    "done": true
  },
  "lightmanscurrency:recipes/misc/traders/large_vending_machine/dye_orange": {
    "criteria": {
      "trader": "2024-08-16 03:27:36 +0000"
    },
    "done": true
  },
  "lightmanscurrency:recipes/misc/traders/freezer/red": {
    "criteria": {
      "trader": "2024-08-16 03:27:36 +0000"
    },
    "done": true
  },
  "lightmanscurrency:recipes/misc/traders/bookshelf/crimson": {
    "criteria": {
      "trader": "2024-08-16 03:27:36 +0000"
    },
    "done": true
  },
  "lightmanscurrency:recipes/misc/traders/vending_machine/dye_light_gray": {
    "criteria": {
      "trader": "2024-08-16 03:27:36 +0000"
    },
    "done": true
  },
  "securitycraft:recipes/misc/sonic_security_system": {
    "criteria": {
      "has_stick": "2024-08-16 03:24:05 +0000"
    },
    "done": true
  },
  "lightmanscurrency:recipes/misc/traders/card_display/spruce/light_gray": {
    "criteria": {
      "trader": "2024-08-16 03:27:36 +0000"
    },
    "done": true
  },
  "securitycraft:recipes/building_blocks/reinforced_blue_stained_glass_pane_from_glass": {
    "criteria": {
      "has_glass": "2024-08-16 03:15:56 +0000"
    },
    "done": true
  },
  "lightmanscurrency:recipes/misc/traders/card_display/crimson/red": {
    "criteria": {
      "trader": "2024-08-16 03:27:36 +0000"
    },
    "done": true
  },
  "lightmanscurrency:recipes/misc/traders/large_vending_machine/dye_brown": {
    "criteria": {
      "trader": "2024-08-16 03:27:36 +0000"
    },
    "done": true
  },
  "securitycraft:recipes/building_blocks/reinforced_gray_stained_glass_pane_from_glass": {
    "criteria": {
      "has_glass": "2024-08-16 03:15:56 +0000"
    },
    "done": true
  },
  "lightmanscurrency:recipes/misc/auction_stand/oak": {
    "criteria": {
      "trader": "2024-08-16 03:27:36 +0000"
    },
    "done": true
  },
  "lightmanscurrency:recipes/misc/traders/shelf2/warped": {
    "criteria": {
      "trader": "2024-08-16 03:27:36 +0000"
    },
    "done": true
  },
  "lightmanscurrency:recipes/misc/traders/card_display/dark_oak/gray": {
    "criteria": {
      "trader": "2024-08-16 03:27:36 +0000"
    },
    "done": true
  },
  "lightmanscurrency:recipes/misc/traders/card_display/crimson/light_gray": {
    "criteria": {
      "trader": "2024-08-16 03:27:36 +0000"
    },
    "done": true
  },
  "lightmanscurrency:recipes/misc/traders/card_display/mangrove/brown": {
    "criteria": {
      "trader": "2024-08-16 03:27:36 +0000"
    },
    "done": true
  },
  "lightmanscurrency:recipes/misc/traders/card_display/crimson/brown": {
    "criteria": {
      "trader": "2024-08-16 03:27:36 +0000"
    },
    "done": true
  },
  "lightmanscurrency:recipes/misc/traders/card_display/dark_oak/green": {
    "criteria": {
      "trader": "2024-08-16 03:27:36 +0000"
    },
    "done": true
  },
  "lightmanscurrency:recipes/misc/traders/card_display/oak/blue": {
    "criteria": {
      "trader": "2024-08-16 03:27:36 +0000"
    },
    "done": true
  },
  "lightmanscurrency:recipes/misc/item_trader_interface": {
    "criteria": {
      "trader": "2024-08-16 03:27:36 +0000"
    },
    "done": true
  },
  "lightmanscurrency:recipes/misc/traders/card_display/oak/red": {
    "criteria": {
      "trader": "2024-08-16 03:27:36 +0000"
    },
    "done": true
  },
  "minecraft:recipes/tools/wooden_shovel": {
    "criteria": {
      "has_stick": "2024-08-16 03:24:05 +0000"
    },
    "done": true
  },
  "securitycraft:recipes/redstone/reinforced_dark_oak_fence_gate": {
    "criteria": {
      "has_stick": "2024-08-16 03:24:05 +0000"
    },
    "done": true
  },
  "lightmanscurrency:recipes/misc/traders/vending_machine/dye_green": {
    "criteria": {
      "trader": "2024-08-16 03:27:36 +0000"
    },
    "done": true
  },
  "securitycraft:recipes/building_blocks/reinforced_green_stained_glass": {
    "criteria": {
      "has_glass": "2024-08-16 03:15:56 +0000"
    },
    "done": true
  },
  "lightmanscurrency:recipes/misc/traders/card_display/bamboo/purple": {
    "criteria": {
      "trader": "2024-08-16 03:27:36 +0000"
    },
    "done": true
  },
  "securitycraft:recipes/building_blocks/reinforced_blue_stained_glass": {
    "criteria": {
      "has_glass": "2024-08-16 03:15:56 +0000"
    },
    "done": true
  },
  "lightmanscurrency:recipes/misc/traders/card_display/birch/pink": {
    "criteria": {
      "trader": "2024-08-16 03:27:36 +0000"
    },
    "done": true
  },
  "lightmanscurrency:recipes/misc/traders/card_display/spruce/light_blue": {
    "criteria": {
      "trader": "2024-08-16 03:27:36 +0000"
    },
    "done": true
  },
  "securitycraft:recipes/building_blocks/reinforced_light_gray_stained_glass_pane_from_glass": {
    "criteria": {
      "has_glass": "2024-08-16 03:15:56 +0000"
    },
    "done": true
  },
  "securitycraft:recipes/building_blocks/reinforced_yellow_stained_glass": {
    "criteria": {
      "has_glass": "2024-08-16 03:15:56 +0000"
    },
    "done": true
  },
  "lightmanscurrency:recipes/misc/traders/card_display/spruce/magenta": {
    "criteria": {
      "trader": "2024-08-16 03:27:36 +0000"
    },
    "done": true
  },
  "lightmanscurrency:recipes/misc/traders/card_display/cherry/orange": {
    "criteria": {
      "trader": "2024-08-16 03:27:36 +0000"
    },
    "done": true
  },
  "minecraft:recipes/combat/wooden_sword": {
    "criteria": {
      "has_stick": "2024-08-16 03:24:05 +0000"
    },
    "done": true
  },
  "lightmanscurrency:recipes/misc/traders/card_display/cherry/purple": {
    "criteria": {
      "trader": "2024-08-16 03:27:36 +0000"
    },
    "done": true
  },
  "lightmanscurrency:recipes/misc/traders/card_display/warped/orange": {
    "criteria": {
      "trader": "2024-08-16 03:27:36 +0000"
    },
    "done": true
  },
  "lightmanscurrency:recipes/misc/auction_stand/dark_oak": {
    "criteria": {
      "trader": "2024-08-16 03:27:36 +0000"
    },
    "done": true
  },
  "securitycraft:recipes/building_blocks/reinforced_purple_stained_glass": {
    "criteria": {
      "has_glass": "2024-08-16 03:15:56 +0000"
    },
    "done": true
  },
  "lightmanscurrency:recipes/misc/traders/card_display/warped/gray": {
    "criteria": {
      "trader": "2024-08-16 03:27:36 +0000"
    },
    "done": true
  },
  "lightmanscurrency:recipes/misc/traders/card_display/bamboo/light_blue": {
    "criteria": {
      "trader": "2024-08-16 03:27:36 +0000"
    },
    "done": true
  },
  "lightmanscurrency:recipes/misc/traders/card_display/jungle/white": {
    "criteria": {
      "trader": "2024-08-16 03:27:36 +0000"
    },
    "done": true
  },
  "lightmanscurrency:recipes/misc/traders/card_display/jungle/light_gray": {
    "criteria": {
      "trader": "2024-08-16 03:27:36 +0000"
    },
    "done": true
  },
  "securitycraft:recipes/misc/reinforced_birch_fence": {
    "criteria": {
      "has_stick": "2024-08-16 03:24:05 +0000"
    },
    "done": true
  },
  "lightmanscurrency:recipes/misc/traders/bookshelf/cherry": {
    "criteria": {
      "trader": "2024-08-16 03:27:36 +0000"
    },
    "done": true
  },
  "securitycraft:recipes/misc/reinforced_dark_oak_fence": {
    "criteria": {
      "has_stick": "2024-08-16 03:24:05 +0000"
    },
    "done": true
  },
  "securitycraft:recipes/misc/reinforced_oak_fence": {
    "criteria": {
      "has_stick": "2024-08-16 03:24:05 +0000"
    },
    "done": true
  },
  "lightmanscurrency:recipes/misc/traders/card_display/crimson/gray": {
    "criteria": {
      "trader": "2024-08-16 03:27:36 +0000"
    },
    "done": true
  },
  "lightmanscurrency:recipes/misc/traders/card_display/bamboo/brown": {
    "criteria": {
      "trader": "2024-08-16 03:27:36 +0000"
    },
    "done": true
  },
  "lightmanscurrency:recipes/misc/traders/card_display/mangrove/gray": {
    "criteria": {
      "trader": "2024-08-16 03:27:36 +0000"
    },
    "done": true
  },
  "lightmanscurrency:recipes/misc/traders/card_display/cherry/light_gray": {
    "criteria": {
      "trader": "2024-08-16 03:27:36 +0000"
    },
    "done": true
  },
  "lightmanscurrency:recipes/misc/traders/freezer/yellow": {
    "criteria": {
      "trader": "2024-08-16 03:27:36 +0000"
    },
    "done": true
  },
  "securitycraft:recipes/redstone/reinforced_oak_fence_gate": {
    "criteria": {
      "has_stick": "2024-08-16 03:24:05 +0000"
    },
    "done": true
  },
  "lightmanscurrency:recipes/misc/traders/card_display/dark_oak/yellow": {
    "criteria": {
      "trader": "2024-08-16 03:27:36 +0000"
    },
    "done": true
  },
  "lightmanscurrency:recipes/misc/auction_stand/warped": {
    "criteria": {
      "trader": "2024-08-16 03:27:36 +0000"
    },
    "done": true
  },
  "securitycraft:recipes/misc/reinforced_bamboo_fence": {
    "criteria": {
      "has_stick": "2024-08-16 03:24:05 +0000"
    },
    "done": true
  },
  "lightmanscurrency:recipes/misc/traders/card_display/mangrove/light_blue": {
    "criteria": {
      "trader": "2024-08-16 03:27:36 +0000"
    },
    "done": true
  },
  "lightmanscurrency:recipes/misc/auction_stand/acacia": {
    "criteria": {
      "trader": "2024-08-16 03:27:36 +0000"
    },
    "done": true
  },
  "securitycraft:recipes/misc/reinforced_crimson_fence": {
    "criteria": {
      "has_stick": "2024-08-16 03:24:05 +0000"
    },
    "done": true
  },
  "lightmanscurrency:recipes/misc/terminal": {
    "criteria": {
      "trader": "2024-08-16 03:27:36 +0000"
    },
    "done": true
  },
  "minecraft:recipes/building_blocks/oak_wood": {
    "criteria": {
      "has_log": "2024-08-16 03:34:35 +0000"
    },
    "done": true
  },
  "lightmanscurrency:recipes/misc/traders/vending_machine/dye_black": {
    "criteria": {
      "trader": "2024-08-16 03:27:36 +0000"
    },
    "done": true
  },
  "lightmanscurrency:recipes/misc/traders/card_display/oak/lime": {
    "criteria": {
      "trader": "2024-08-16 03:27:36 +0000"
    },
    "done": true
  },
  "lightmanscurrency:recipes/misc/traders/freezer/white": {
    "criteria": {
      "trader": "2024-08-16 03:27:36 +0000"
    },
    "done": true
  },
  "lightmanscurrency:recipes/misc/traders/card_display/birch/light_gray": {
    "criteria": {
      "trader": "2024-08-16 03:27:36 +0000"
    },
    "done": true
  },
  "lightmanscurrency:recipes/misc/traders/card_display/cherry/pink": {
    "criteria": {
      "trader": "2024-08-16 03:27:36 +0000"
    },
    "done": true
  },
  "securitycraft:recipes/building_blocks/reinforced_red_stained_glass_pane_from_glass": {
    "criteria": {
      "has_glass": "2024-08-16 03:15:56 +0000"
    },
    "done": true
  },
  "securitycraft:recipes/building_blocks/reinforced_brown_stained_glass_pane_from_dye": {
    "criteria": {
      "has_glass": "2024-08-16 03:15:56 +0000"
    },
    "done": true
  },
  "lightmanscurrency:recipes/misc/terminal_swap": {
    "criteria": {
      "trader": "2024-08-16 03:27:36 +0000"
    },
    "done": true
  },
  "lightmanscurrency:recipes/misc/traders/card_display/spruce/orange": {
    "criteria": {
      "trader": "2024-08-16 03:27:36 +0000"
    },
    "done": true
  },
  "lightmanscurrency:recipes/misc/traders/freezer/black": {
    "criteria": {
      "trader": "2024-08-16 03:27:36 +0000"
    },
    "done": true
  },
  "lightmanscurrency:recipes/misc/traders/card_display/acacia/black": {
    "criteria": {
      "trader": "2024-08-16 03:27:36 +0000"
    },
    "done": true
  },
  "lightmanscurrency:recipes/misc/traders/card_display/dark_oak/pink": {
    "criteria": {
      "trader": "2024-08-16 03:27:36 +0000"
    },
    "done": true
  },
  "lightmanscurrency:recipes/misc/traders/freezer/gray": {
    "criteria": {
      "trader": "2024-08-16 03:27:36 +0000"
    },
    "done": true
  },
  "lightmanscurrency:recipes/misc/traders/card_display/acacia/gray": {
    "criteria": {
      "trader": "2024-08-16 03:27:36 +0000"
    },
    "done": true
  },
  "lightmanscurrency:recipes/misc/traders/shelf2/birch": {
    "criteria": {
      "trader": "2024-08-16 03:27:36 +0000"
    },
    "done": true
  },
  "lightmanscurrency:recipes/misc/traders/card_display/birch/white": {
    "criteria": {
      "trader": "2024-08-16 03:27:36 +0000"
    },
    "done": true
  },
  "lightmanscurrency:recipes/misc/traders/shelf2/jungle": {
    "criteria": {
      "trader": "2024-08-16 03:27:36 +0000"
    },
    "done": true
  },
  "lightmanscurrency:recipes/misc/traders/shelf2/cherry": {
    "criteria": {
      "trader": "2024-08-16 03:27:36 +0000"
    },
    "done": true
  },
  "lightmanscurrency:recipes/misc/traders/card_display/acacia/green": {
    "criteria": {
      "trader": "2024-08-16 03:27:36 +0000"
    },
    "done": true
  },
  "securitycraft:recipes/building_blocks/reinforced_lime_stained_glass": {
    "criteria": {
      "has_glass": "2024-08-16 03:15:56 +0000"
    },
    "done": true
  },
  "lightmanscurrency:recipes/misc/traders/card_display/jungle/brown": {
    "criteria": {
      "trader": "2024-08-16 03:27:36 +0000"
    },
    "done": true
  },
  "lightmanscurrency:recipes/misc/traders/vending_machine/dye_gray": {
    "criteria": {
      "trader": "2024-08-16 03:27:36 +0000"
    },
    "done": true
  },
  "securitycraft:recipes/building_blocks/reinforced_black_stained_glass_pane_from_glass": {
    "criteria": {
      "has_glass": "2024-08-16 03:15:56 +0000"
    },
    "done": true
  },
  "minecraft:recipes/decorations/red_stained_glass_pane": {
    "criteria": {
      "has_glass": "2024-08-16 03:15:56 +0000"
    },
    "done": true
  },
  "securitycraft:recipes/building_blocks/reinforced_red_stained_glass": {
    "criteria": {
      "has_glass": "2024-08-16 03:15:56 +0000"
    },
    "done": true
  },
  "lightmanscurrency:recipes/misc/traders/freezer/green": {
    "criteria": {
      "trader": "2024-08-16 03:27:36 +0000"
    },
    "done": true
  },
  "lightmanscurrency:recipes/misc/traders/card_display/spruce/purple": {
    "criteria": {
      "trader": "2024-08-16 03:27:36 +0000"
    },
    "done": true
  },
  "lightmanscurrency:recipes/misc/traders/large_vending_machine/washing": {
    "criteria": {
      "trader": "2024-08-16 03:27:36 +0000"
    },
    "done": true
  },
  "lightmanscurrency:recipes/misc/traders/card_display/spruce/black": {
    "criteria": {
      "trader": "2024-08-16 03:27:36 +0000"
    },
    "done": true
  },
  "lightmanscurrency:recipes/misc/traders/bookshelf/spruce": {
    "criteria": {
      "trader": "2024-08-16 03:27:36 +0000"
    },
    "done": true
  },
  "farmersdelight:recipes/combat/flint_knife": {
    "criteria": {
      "has_stick": "2024-08-16 03:24:05 +0000"
    },
    "done": true
  },
  "lightmanscurrency:recipes/misc/traders/card_display/jungle/purple": {
    "criteria": {
      "trader": "2024-08-16 03:27:36 +0000"
    },
    "done": true
  },
  "lightmanscurrency:recipes/misc/traders/card_display/spruce/pink": {
    "criteria": {
      "trader": "2024-08-16 03:27:36 +0000"
    },
    "done": true
  },
  "lightmanscurrency:recipes/misc/traders/card_display/crimson/purple": {
    "criteria": {
      "trader": "2024-08-16 03:27:36 +0000"
    },
    "done": true
  },
  "lightmanscurrency:recipes/misc/traders/card_display/oak/green": {
    "criteria": {
      "trader": "2024-08-16 03:27:36 +0000"
    },
    "done": true
  },
  "lightmanscurrency:recipes/misc/traders/card_display/birch/light_blue": {
    "criteria": {
      "trader": "2024-08-16 03:27:36 +0000"
    },
    "done": true
  },
  "lightmanscurrency:recipes/misc/traders/card_display/birch/green": {
    "criteria": {
      "trader": "2024-08-16 03:27:36 +0000"
    },
    "done": true
  },
  "lightmanscurrency:recipes/misc/traders/card_display/mangrove/magenta": {
    "criteria": {
      "trader": "2024-08-16 03:27:36 +0000"
    },
    "done": true
  },
  "lightmanscurrency:recipes/misc/traders/slot_machine": {
    "criteria": {
      "trader": "2024-08-16 03:27:36 +0000"
    },
    "done": true
  },
  "lightmanscurrency:recipes/misc/traders/large_vending_machine/dye_magenta": {
    "criteria": {
      "trader": "2024-08-16 03:27:36 +0000"
    },
    "done": true
  },
  "lightmanscurrency:recipes/misc/traders/card_display/oak/cyan": {
    "criteria": {
      "trader": "2024-08-16 03:27:36 +0000"
    },
    "done": true
  },
  "minecolonies:recipes/misc/shapetool": {
    "criteria": {
      "has_stick": "2024-08-16 03:24:05 +0000"
    },
    "done": true
  },
  "lightmanscurrency:recipes/misc/traders/card_display/warped/purple": {
    "criteria": {
      "trader": "2024-08-16 03:27:36 +0000"
    },
    "done": true
  },
  "lightmanscurrency:recipes/misc/traders/card_display/oak/black": {
    "criteria": {
      "trader": "2024-08-16 03:27:36 +0000"
    },
    "done": true
  },
  "lightmanscurrency:recipes/misc/upgrades/copy_template": {
    "criteria": {
      "trader": "2024-08-16 03:27:36 +0000"
    },
    "done": true
  },
  "securitycraft:recipes/building_blocks/reinforced_white_stained_glass_pane_from_glass": {
    "criteria": {
      "has_glass": "2024-08-16 03:15:56 +0000"
    },
    "done": true
  },
  "lightmanscurrency:recipes/misc/traders/freezer/magenta": {
    "criteria": {
      "trader": "2024-08-16 03:27:36 +0000"
    },
    "done": true
  },
  "lightmanscurrency:recipes/misc/traders/card_display/dark_oak/light_blue": {
    "criteria": {
      "trader": "2024-08-16 03:27:36 +0000"
    },
    "done": true
  },
  "lightmanscurrency:recipes/misc/traders/vending_machine/washing": {
    "criteria": {
      "trader": "2024-08-16 03:27:36 +0000"
    },
    "done": true
  },
  "domum_ornamentum:recipes/building_blocks/blockbarreldeco_onside": {
    "criteria": {
      "has_stick": "2024-08-16 03:24:05 +0000"
    },
    "done": true
  },
  "minecraft:recipes/decorations/glow_item_frame": {
    "criteria": {
      "has_item_frame": "2024-08-16 03:24:07 +0000"
    },
    "done": true
  },
  "securitycraft:recipes/building_blocks/reinforced_white_stained_glass_pane_from_dye": {
    "criteria": {
      "has_glass": "2024-08-16 03:15:56 +0000"
    },
    "done": true
  },
  "lightmanscurrency:recipes/misc/traders/card_display/birch/black": {
    "criteria": {
      "trader": "2024-08-16 03:27:36 +0000"
    },
    "done": true
  },
  "lightmanscurrency:recipes/misc/traders/card_display/spruce/green": {
    "criteria": {
      "trader": "2024-08-16 03:27:36 +0000"
    },
    "done": true
  },
  "lightmanscurrency:recipes/misc/portable_gem_terminal_swap": {
    "criteria": {
      "trader": "2024-08-16 03:27:36 +0000"
    },
    "done": true
  },
  "lightmanscurrency:recipes/misc/traders/bookshelf/jungle": {
    "criteria": {
      "trader": "2024-08-16 03:27:36 +0000"
    },
    "done": true
  },
  "lightmanscurrency:recipes/misc/traders/vending_machine": {
    "criteria": {
      "trader": "2024-08-16 03:27:36 +0000"
    },
    "done": true
  },
  "lightmanscurrency:recipes/misc/traders/vending_machine/dye_magenta": {
    "criteria": {
      "trader": "2024-08-16 03:27:36 +0000"
    },
    "done": true
  },
  "lightmanscurrency:recipes/misc/traders/shelf/bamboo": {
    "criteria": {
      "trader": "2024-08-16 03:27:36 +0000"
    },
    "done": true
  },
  "lightmanscurrency:recipes/misc/traders/shelf2/crimson": {
    "criteria": {
      "trader": "2024-08-16 03:27:36 +0000"
    },
    "done": true
  },
  "securitycraft:recipes/building_blocks/reinforced_magenta_stained_glass_pane_from_dye": {
    "criteria": {
      "has_glass": "2024-08-16 03:15:56 +0000"
    },
    "done": true
  },
  "securitycraft:recipes/misc/reinforced_jungle_fence": {
    "criteria": {
      "has_stick": "2024-08-16 03:24:05 +0000"
    },
    "done": true
  },
  "lightmanscurrency:recipes/misc/auction_stand/mangrove": {
    "criteria": {
      "trader": "2024-08-16 03:27:36 +0000"
    },
    "done": true
  },
  "lightmanscurrency:recipes/misc/traders/card_display/oak/orange": {
    "criteria": {
      "trader": "2024-08-16 03:27:36 +0000"
    },
    "done": true
  },
  "lightmanscurrency:recipes/misc/traders/card_display/jungle/red": {
    "criteria": {
      "trader": "2024-08-16 03:27:36 +0000"
    },
    "done": true
  },
  "securitycraft:recipes/building_blocks/reinforced_cyan_stained_glass_pane_from_dye": {
    "criteria": {
      "has_glass": "2024-08-16 03:15:56 +0000"
    },
    "done": true
  },
  "lightmanscurrency:recipes/misc/traders/card_display/bamboo/orange": {
    "criteria": {
      "trader": "2024-08-16 03:27:36 +0000"
    },
    "done": true
  },
  "securitycraft:recipes/misc/reinforced_warped_fence": {
    "criteria": {
      "has_stick": "2024-08-16 03:24:05 +0000"
    },
    "done": true
  },
  "lightmanscurrency:recipes/misc/traders/card_display/mangrove/light_gray": {
    "criteria": {
      "trader": "2024-08-16 03:27:36 +0000"
    },
    "done": true
  },
  "lightmanscurrency:recipes/misc/auction_stand/cherry": {
    "criteria": {
      "trader": "2024-08-16 03:27:36 +0000"
    },
    "done": true
  },
  "lightmanscurrency:recipes/misc/traders/shelf2/spruce": {
    "criteria": {
      "trader": "2024-08-16 03:27:36 +0000"
    },
    "done": true
  },
  "lightmanscurrency:recipes/misc/traders/card_display/crimson/light_blue": {
    "criteria": {
      "trader": "2024-08-16 03:27:36 +0000"
    },
    "done": true
  },
  "lightmanscurrency:recipes/misc/traders/armor_display": {
    "criteria": {
      "trader": "2024-08-16 03:27:36 +0000"
    },
    "done": true
  },
  "lightmanscurrency:recipes/misc/traders/card_display/spruce/white": {
    "criteria": {
      "trader": "2024-08-16 03:27:36 +0000"
    },
    "done": true
  },
  "lightmanscurrency:recipes/misc/traders/paygate": {
    "criteria": {
      "trader": "2024-08-16 03:27:36 +0000"
    },
    "done": true
  },
  "securitycraft:recipes/building_blocks/reinforced_gray_stained_glass": {
    "criteria": {
      "has_glass": "2024-08-16 03:15:56 +0000"
    },
    "done": true
  },
  "securitycraft:recipes/redstone/reinforced_cherry_fence_gate": {
    "criteria": {
      "has_stick": "2024-08-16 03:24:05 +0000"
    },
    "done": true
  },
  "lightmanscurrency:recipes/misc/traders/card_display/acacia/lime": {
    "criteria": {
      "trader": "2024-08-16 03:27:36 +0000"
    },
    "done": true
  },
  "lightmanscurrency:recipes/misc/traders/card_display/warped/pink": {
    "criteria": {
      "trader": "2024-08-16 03:27:36 +0000"
    },
    "done": true
  },
  "lightmanscurrency:recipes/misc/traders/card_display/mangrove/yellow": {
    "criteria": {
      "trader": "2024-08-16 03:27:36 +0000"
    },
    "done": true
  },
  "lightmanscurrency:recipes/misc/traders/card_display/oak/light_gray": {
    "criteria": {
      "trader": "2024-08-16 03:27:36 +0000"
    },
    "done": true
  },
  "lightmanscurrency:recipes/misc/traders/freezer/blue": {
    "criteria": {
      "trader": "2024-08-16 03:27:36 +0000"
    },
    "done": true
  },
  "lightmanscurrency:recipes/misc/traders/card_display/acacia/blue": {
    "criteria": {
      "trader": "2024-08-16 03:27:36 +0000"
    },
    "done": true
  },
  "lightmanscurrency:recipes/misc/traders/vending_machine/dye_yellow": {
    "criteria": {
      "trader": "2024-08-16 03:27:36 +0000"
    },
    "done": true
  },
  "lightmanscurrency:recipes/misc/traders/card_display/bamboo/pink": {
    "criteria": {
      "trader": "2024-08-16 03:27:36 +0000"
    },
    "done": true
  },
  "lightmanscurrency:recipes/misc/traders/card_display/cherry/gray": {
    "criteria": {
      "trader": "2024-08-16 03:27:36 +0000"
    },
    "done": true
  },
  "lightmanscurrency:recipes/misc/traders/shelf/birch": {
    "criteria": {
      "trader": "2024-08-16 03:27:36 +0000"
    },
    "done": true
  },
  "lightmanscurrency:recipes/misc/traders/card_display/cherry/black": {
    "criteria": {
      "trader": "2024-08-16 03:27:36 +0000"
    },
    "done": true
  },
  "lightmanscurrency:recipes/misc/traders/card_display/jungle/cyan": {
    "criteria": {
      "trader": "2024-08-16 03:27:36 +0000"
    },
    "done": true
  },
  "lightmanscurrency:recipes/misc/traders/freezer/lime": {
    "criteria": {
      "trader": "2024-08-16 03:27:36 +0000"
    },
    "done": true
  },
  "lightmanscurrency:recipes/misc/traders/card_display/oak/purple": {
    "criteria": {
      "trader": "2024-08-16 03:27:36 +0000"
    },
    "done": true
  },
  "securitycraft:recipes/building_blocks/reinforced_pink_stained_glass_pane_from_glass": {
    "criteria": {
      "has_glass": "2024-08-16 03:15:56 +0000"
    },
    "done": true
  },
  "lightmanscurrency:recipes/misc/traders/card_display/crimson/pink": {
    "criteria": {
      "trader": "2024-08-16 03:27:36 +0000"
    },
    "done": true
  },
  "securitycraft:recipes/redstone/reinforced_acacia_fence_gate": {
    "criteria": {
      "has_stick": "2024-08-16 03:24:05 +0000"
    },
    "done": true
  },
  "lightmanscurrency:recipes/misc/traders/card_display/jungle/light_blue": {
    "criteria": {
      "trader": "2024-08-16 03:27:36 +0000"
    },
    "done": true
  },
  "lightmanscurrency:recipes/misc/traders/card_display/mangrove/pink": {
    "criteria": {
      "trader": "2024-08-16 03:27:36 +0000"
    },
    "done": true
  },
  "securitycraft:recipes/building_blocks/reinforced_brown_stained_glass": {
    "criteria": {
      "has_glass": "2024-08-16 03:15:56 +0000"
    },
    "done": true
  },
  "securitycraft:recipes/building_blocks/reinforced_orange_stained_glass_pane_from_dye": {
    "criteria": {
      "has_glass": "2024-08-16 03:15:56 +0000"
    },
    "done": true
  },
  "lightmanscurrency:recipes/misc/traders/shelf/acacia": {
    "criteria": {
      "trader": "2024-08-16 03:27:36 +0000"
    },
    "done": true
  },
  "lightmanscurrency:recipes/misc/traders/card_display/cherry/green": {
    "criteria": {
      "trader": "2024-08-16 03:27:36 +0000"
    },
    "done": true
  },
  "lightmanscurrency:recipes/misc/traders/card_display/crimson/orange": {
    "criteria": {
      "trader": "2024-08-16 03:27:36 +0000"
    },
    "done": true
  },
  "lightmanscurrency:recipes/misc/traders/card_display/acacia/purple": {
    "criteria": {
      "trader": "2024-08-16 03:27:36 +0000"
    },
    "done": true
  },
  "lightmanscurrency:recipes/misc/traders/card_display/jungle/magenta": {
    "criteria": {
      "trader": "2024-08-16 03:27:36 +0000"
    },
    "done": true
  },
  "lightmanscurrency:recipes/misc/traders/freezer/cyan": {
    "criteria": {
      "trader": "2024-08-16 03:27:36 +0000"
    },
    "done": true
  },
  "lightmanscurrency:recipes/misc/traders/large_vending_machine/dye_cyan": {
    "criteria": {
      "trader": "2024-08-16 03:27:36 +0000"
    },
    "done": true
  },
  "lightmanscurrency:recipes/misc/tax_block": {
    "criteria": {
      "trader": "2024-08-16 03:27:36 +0000"
    },
    "done": true
  },
  "lightmanscurrency:recipes/misc/traders/card_display/acacia/magenta": {
    "criteria": {
      "trader": "2024-08-16 03:27:36 +0000"
    },
    "done": true
  },
  "lightmanscurrency:recipes/misc/traders/large_vending_machine/dye_black": {
    "criteria": {
      "trader": "2024-08-16 03:27:36 +0000"
    },
    "done": true
  },
  "lightmanscurrency:recipes/misc/traders/card_display/mangrove/orange": {
    "criteria": {
      "trader": "2024-08-16 03:27:36 +0000"
    },
    "done": true
  },
  "securitycraft:recipes/misc/reinforced_cherry_fence": {
    "criteria": {
      "has_stick": "2024-08-16 03:24:05 +0000"
    },
    "done": true
  },
  "lightmanscurrency:recipes/misc/traders/card_display/jungle/blue": {
    "criteria": {
      "trader": "2024-08-16 03:27:36 +0000"
    },
    "done": true
  },
  "lightmanscurrency:recipes/misc/traders/large_vending_machine/dye_yellow": {
    "criteria": {
      "trader": "2024-08-16 03:27:36 +0000"
    },
    "done": true
  },
  "lightmanscurrency:recipes/misc/traders/card_display/bamboo/green": {
    "criteria": {
      "trader": "2024-08-16 03:27:36 +0000"
    },
    "done": true
  },
  "lightmanscurrency:recipes/misc/traders/card_display/bamboo/black": {
    "criteria": {
      "trader": "2024-08-16 03:27:36 +0000"
    },
    "done": true
  },
  "lightmanscurrency:recipes/misc/traders/card_display/cherry/blue": {
    "criteria": {
      "trader": "2024-08-16 03:27:36 +0000"
    },
    "done": true
  },
  "lightmanscurrency:recipes/misc/traders/bookshelf/acacia": {
    "criteria": {
      "trader": "2024-08-16 03:27:36 +0000"
    },
    "done": true
  },
  "securitycraft:recipes/redstone/reinforced_warped_fence_gate": {
    "criteria": {
      "has_stick": "2024-08-16 03:24:05 +0000"
    },
    "done": true
  },
  "lightmanscurrency:recipes/misc/auction_stand/crimson": {
    "criteria": {
      "trader": "2024-08-16 03:27:36 +0000"
    },
    "done": true
  },
  "lightmanscurrency:recipes/misc/traders/card_display/mangrove/cyan": {
    "criteria": {
      "trader": "2024-08-16 03:27:36 +0000"
    },
    "done": true
  },
  "lightmanscurrency:recipes/misc/traders/card_display/spruce/gray": {
    "criteria": {
      "trader": "2024-08-16 03:27:36 +0000"
    },
    "done": true
  },
  "lightmanscurrency:recipes/misc/traders/card_display/dark_oak/red": {
    "criteria": {
      "trader": "2024-08-16 03:27:36 +0000"
    },
    "done": true
  },
  "lightmanscurrency:recipes/misc/traders/card_display/cherry/lime": {
    "criteria": {
      "trader": "2024-08-16 03:27:36 +0000"
    },
    "done": true
  },
  "lightmanscurrency:recipes/misc/traders/shelf2/mangrove": {
    "criteria": {
      "trader": "2024-08-16 03:27:36 +0000"
    },
    "done": true
  },
  "lightmanscurrency:recipes/misc/traders/vending_machine/dye_brown": {
    "criteria": {
      "trader": "2024-08-16 03:27:36 +0000"
    },
    "done": true
  },
  "lightmanscurrency:recipes/misc/auction_stand/spruce": {
    "criteria": {
      "trader": "2024-08-16 03:27:36 +0000"
    },
    "done": true
  },
  "lightmanscurrency:recipes/misc/traders/card_display/dark_oak/light_gray": {
    "criteria": {
      "trader": "2024-08-16 03:27:36 +0000"
    },
    "done": true
  },
  "lightmanscurrency:recipes/misc/traders/card_display/mangrove/red": {
    "criteria": {
      "trader": "2024-08-16 03:27:36 +0000"
    },
    "done": true
  },
  "lightmanscurrency:recipes/misc/traders/large_vending_machine/dye_green": {
    "criteria": {
      "trader": "2024-08-16 03:27:36 +0000"
    },
    "done": true
  },
  "securitycraft:recipes/building_blocks/reinforced_pink_stained_glass_pane_from_dye": {
    "criteria": {
      "has_glass": "2024-08-16 03:15:56 +0000"
    },
    "done": true
  },
  "lightmanscurrency:recipes/misc/traders/card_display/dark_oak/brown": {
    "criteria": {
      "trader": "2024-08-16 03:27:36 +0000"
    },
    "done": true
  },
  "lightmanscurrency:recipes/misc/traders/card_display/bamboo/gray": {
    "criteria": {
      "trader": "2024-08-16 03:27:36 +0000"
    },
    "done": true
  },
  "lightmanscurrency:recipes/misc/traders/card_display/cherry/white": {
    "criteria": {
      "trader": "2024-08-16 03:27:36 +0000"
    },
    "done": true
  },
  "lightmanscurrency:recipes/misc/traders/shelf/oak": {
    "criteria": {
      "trader": "2024-08-16 03:27:36 +0000"
    },
    "done": true
  },
  "lightmanscurrency:recipes/misc/traders/card_display/acacia/red": {
    "criteria": {
      "trader": "2024-08-16 03:27:36 +0000"
    },
    "done": true
  },
  "lightmanscurrency:recipes/misc/traders/ticket_kiosk": {
    "criteria": {
      "trader": "2024-08-16 03:27:36 +0000"
    },
    "done": true
  },
  "lightmanscurrency:recipes/misc/traders/card_display/oak/magenta": {
    "criteria": {
      "trader": "2024-08-16 03:27:36 +0000"
    },
    "done": true
  },
  "lightmanscurrency:recipes/misc/gem_terminal": {
    "criteria": {
      "trader": "2024-08-16 03:27:36 +0000"
    },
    "done": true
  },
  "minecraft:recipes/tools/wooden_pickaxe": {
    "criteria": {
      "has_stick": "2024-08-16 03:24:05 +0000"
    },
    "done": true
  },
  "lightmanscurrency:recipes/misc/traders/card_display/birch/lime": {
    "criteria": {
      "trader": "2024-08-16 03:27:36 +0000"
    },
    "done": true
  },
  "securitycraft:recipes/building_blocks/reinforced_orange_stained_glass_pane_from_glass": {
    "criteria": {
      "has_glass": "2024-08-16 03:15:56 +0000"
    },
    "done": true
  },
  "lightmanscurrency:recipes/misc/traders/card_display/cherry/yellow": {
    "criteria": {
      "trader": "2024-08-16 03:27:36 +0000"
    },
    "done": true
  },
  "lightmanscurrency:recipes/misc/traders/large_vending_machine/dye_blue": {
    "criteria": {
      "trader": "2024-08-16 03:27:36 +0000"
    },
    "done": true
  },
  "lightmanscurrency:recipes/misc/traders/vending_machine/dye_lime": {
    "criteria": {
      "trader": "2024-08-16 03:27:36 +0000"
    },
    "done": true
  },
  "lightmanscurrency:recipes/misc/upgrades/item_capacity_upgrade_3": {
    "criteria": {
      "trader": "2024-08-16 03:27:36 +0000"
    },
    "done": true
  },
  "lightmanscurrency:recipes/misc/upgrades/item_capacity_upgrade_1": {
    "criteria": {
      "trader": "2024-08-16 03:27:36 +0000"
    },
    "done": true
  },
  "lightmanscurrency:recipes/misc/upgrades/item_capacity_upgrade_2": {
    "criteria": {
      "trader": "2024-08-16 03:27:36 +0000"
    },
    "done": true
  },
  "securitycraft:recipes/building_blocks/reinforced_cyan_stained_glass_pane_from_glass": {
    "criteria": {
      "has_glass": "2024-08-16 03:15:56 +0000"
    },
    "done": true
  },
  "lightmanscurrency:recipes/misc/upgrades/create_template": {
    "criteria": {
      "trader": "2024-08-16 03:27:36 +0000"
    },
    "done": true
  },
  "lightmanscurrency:recipes/misc/traders/vending_machine/dye_blue": {
    "criteria": {
      "trader": "2024-08-16 03:27:36 +0000"
    },
    "done": true
  },
  "securitycraft:recipes/redstone/reinforced_mangrove_fence_gate": {
    "criteria": {
      "has_stick": "2024-08-16 03:24:05 +0000"
    },
    "done": true
  },
  "lightmanscurrency:recipes/misc/traders/card_display/acacia/orange": {
    "criteria": {
      "trader": "2024-08-16 03:27:36 +0000"
    },
    "done": true
  },
  "lightmanscurrency:recipes/misc/traders/card_display/mangrove/purple": {
    "criteria": {
      "trader": "2024-08-16 03:27:36 +0000"
    },
    "done": true
  },
  "lightmanscurrency:recipes/misc/gem_terminal_swap": {
    "criteria": {
      "trader": "2024-08-16 03:27:36 +0000"
    },
    "done": true
  },
  "lightmanscurrency:recipes/misc/traders/card_display/jungle/lime": {
    "criteria": {
      "trader": "2024-08-16 03:27:36 +0000"
    },
    "done": true
  },
  "lightmanscurrency:recipes/misc/traders/card_display/birch/magenta": {
    "criteria": {
      "trader": "2024-08-16 03:27:36 +0000"
    },
    "done": true
  },
  "lightmanscurrency:recipes/misc/network/item_network_trader_2": {
    "criteria": {
      "trader": "2024-08-16 03:27:36 +0000"
    },
    "done": true
  },
  "lightmanscurrency:recipes/misc/network/item_network_trader_3": {
    "criteria": {
      "trader": "2024-08-16 03:27:36 +0000"
    },
    "done": true
  },
  "lightmanscurrency:recipes/misc/network/item_network_trader_4": {
    "criteria": {
      "trader": "2024-08-16 03:27:36 +0000"
    },
    "done": true
  },
  "lightmanscurrency:recipes/misc/network/item_network_trader_1": {
    "criteria": {
      "trader": "2024-08-16 03:27:36 +0000"
    },
    "done": true
  },
  "lightmanscurrency:recipes/misc/traders/card_display/warped/magenta": {
    "criteria": {
      "trader": "2024-08-16 03:27:36 +0000"
    },
    "done": true
  },
  "lightmanscurrency:recipes/misc/traders/bookshelf/dark_oak": {
    "criteria": {
      "trader": "2024-08-16 03:27:36 +0000"
    },
    "done": true
  },
  "lightmanscurrency:recipes/misc/traders/card_display/birch/orange": {
    "criteria": {
      "trader": "2024-08-16 03:27:36 +0000"
    },
    "done": true
  },
  "securitycraft:recipes/misc/reinforced_mangrove_fence": {
    "criteria": {
      "has_stick": "2024-08-16 03:24:05 +0000"
    },
    "done": true
  },
  "securitycraft:recipes/building_blocks/reinforced_light_gray_stained_glass_pane_from_dye": {
    "criteria": {
      "has_glass": "2024-08-16 03:15:56 +0000"
    },
    "done": true
  },
  "lightmanscurrency:recipes/misc/traders/card_display/acacia/light_gray": {
    "criteria": {
      "trader": "2024-08-16 03:27:36 +0000"
    },
    "done": true
  },
  "lightmanscurrency:recipes/misc/traders/card_display/acacia/white": {
    "criteria": {
      "trader": "2024-08-16 03:27:36 +0000"
    },
    "done": true
  },
  "lightmanscurrency:recipes/misc/auction_stand/jungle": {
    "criteria": {
      "trader": "2024-08-16 03:27:36 +0000"
    },
    "done": true
  },
  "lightmanscurrency:recipes/misc/traders/card_display/crimson/black": {
    "criteria": {
      "trader": "2024-08-16 03:27:36 +0000"
    },
    "done": true
  },
  "lightmanscurrency:recipes/misc/traders/card_display/mangrove/black": {
    "criteria": {
      "trader": "2024-08-16 03:27:36 +0000"
    },
    "done": true
  },
  "lightmanscurrency:recipes/misc/traders/card_display/oak/light_blue": {
    "criteria": {
      "trader": "2024-08-16 03:27:36 +0000"
    },
    "done": true
  },
  "lightmanscurrency:recipes/misc/traders/card_display/mangrove/green": {
    "criteria": {
      "trader": "2024-08-16 03:27:36 +0000"
    },
    "done": true
  },
  "lightmanscurrency:recipes/misc/traders/card_display/birch/blue": {
    "criteria": {
      "trader": "2024-08-16 03:27:36 +0000"
    },
    "done": true
  },
  "minecolonies:recipes/misc/large_empty_bottle": {
    "criteria": {
      "has_glass": "2024-08-16 03:15:56 +0000"
    },
    "done": true
  },
  "lightmanscurrency:recipes/misc/traders/shelf/spruce": {
    "criteria": {
      "trader": "2024-08-16 03:27:36 +0000"
    },
    "done": true
  },
  "lightmanscurrency:recipes/misc/traders/card_display/oak/pink": {
    "criteria": {
      "trader": "2024-08-16 03:27:36 +0000"
    },
    "done": true
  },
  "domum_ornamentum:recipes/building_blocks/blockbarreldeco_standing": {
    "criteria": {
      "has_stick": "2024-08-16 03:24:05 +0000"
    },
    "done": true
  },
  "securitycraft:recipes/building_blocks/reinforced_yellow_stained_glass_pane_from_dye": {
    "criteria": {
      "has_glass": "2024-08-16 03:15:56 +0000"
    },
    "done": true
  },
  "securitycraft:recipes/building_blocks/reinforced_lime_stained_glass_pane_from_dye": {
    "criteria": {
      "has_glass": "2024-08-16 03:15:56 +0000"
    },
    "done": true
  },
  "lightmanscurrency:recipes/misc/traders/card_display/jungle/orange": {
    "criteria": {
      "trader": "2024-08-16 03:27:36 +0000"
    },
    "done": true
  },
  "lightmanscurrency:recipes/misc/traders/card_display/spruce/brown": {
    "criteria": {
      "trader": "2024-08-16 03:27:36 +0000"
    },
    "done": true
  },
  "lightmanscurrency:recipes/misc/traders/freezer/orange": {
    "criteria": {
      "trader": "2024-08-16 03:27:36 +0000"
    },
    "done": true
  },
  "lightmanscurrency:recipes/misc/portable_terminal_swap": {
    "criteria": {
      "trader": "2024-08-16 03:27:36 +0000"
    },
    "done": true
  },
  "lightmanscurrency:recipes/misc/traders/shelf/mangrove": {
    "criteria": {
      "trader": "2024-08-16 03:27:36 +0000"
    },
    "done": true
  },
  "farmersdelight:recipes/decorations/cutting_board": {
    "criteria": {
      "has_stick": "2024-08-16 03:24:05 +0000"
    },
    "done": true
  },
  "lightmanscurrency:recipes/misc/traders/card_display/cherry/cyan": {
    "criteria": {
      "trader": "2024-08-16 03:27:36 +0000"
    },
    "done": true
  },
  "lightmanscurrency:recipes/misc/traders/card_display/cherry/red": {
    "criteria": {
      "trader": "2024-08-16 03:27:36 +0000"
    },
    "done": true
  },
  "securitycraft:recipes/building_blocks/reinforced_light_blue_stained_glass": {
    "criteria": {
      "has_glass": "2024-08-16 03:15:56 +0000"
    },
    "done": true
  },
  "lightmanscurrency:recipes/misc/traders/card_display/birch/cyan": {
    "criteria": {
      "trader": "2024-08-16 03:27:36 +0000"
    },
    "done": true
  },
  "lightmanscurrency:recipes/misc/traders/card_display/jungle/gray": {
    "criteria": {
      "trader": "2024-08-16 03:27:36 +0000"
    },
    "done": true
  },
  "lightmanscurrency:recipes/misc/traders/card_display/oak/white": {
    "criteria": {
      "trader": "2024-08-16 03:27:36 +0000"
    },
    "done": true
  },
  "lightmanscurrency:recipes/misc/traders/vending_machine_large": {
    "criteria": {
      "trader": "2024-08-16 03:27:36 +0000"
    },
    "done": true
  },
  "securitycraft:recipes/building_blocks/reinforced_gray_stained_glass_pane_from_dye": {
    "criteria": {
      "has_glass": "2024-08-16 03:15:56 +0000"
    },
    "done": true
  },
  "lightmanscurrency:currency/trader": {
    "criteria": {
      "trader": "2024-08-16 03:27:36 +0000"
    },
    "done": true
  },
  "securitycraft:recipes/building_blocks/reinforced_pink_stained_glass": {
    "criteria": {
      "has_glass": "2024-08-16 03:15:56 +0000"
    },
    "done": true
  },
  "lightmanscurrency:recipes/misc/upgrades/network_upgrade": {
    "criteria": {
      "trader": "2024-08-16 03:27:36 +0000"
    },
    "done": true
  },
  "lightmanscurrency:recipes/misc/traders/card_display/cherry/magenta": {
    "criteria": {
      "trader": "2024-08-16 03:27:36 +0000"
    },
    "done": true
  },
  "lightmanscurrency:recipes/misc/traders/card_display/bamboo/magenta": {
    "criteria": {
      "trader": "2024-08-16 03:27:36 +0000"
    },
    "done": true
  },
  "securitycraft:recipes/misc/reinforced_spruce_fence": {
    "criteria": {
      "has_stick": "2024-08-16 03:24:05 +0000"
    },
    "done": true
  },
  "lightmanscurrency:recipes/misc/traders/card_display/birch/purple": {
    "criteria": {
      "trader": "2024-08-16 03:27:36 +0000"
    },
    "done": true
  },
  "lightmanscurrency:recipes/misc/traders/card_display/crimson/white": {
    "criteria": {
      "trader": "2024-08-16 03:27:36 +0000"
    },
    "done": true
  },
  "lightmanscurrency:recipes/misc/traders/card_display/warped/yellow": {
    "criteria": {
      "trader": "2024-08-16 03:27:36 +0000"
    },
    "done": true
  },
  "securitycraft:recipes/building_blocks/reinforced_magenta_stained_glass_pane_from_glass": {
    "criteria": {
      "has_glass": "2024-08-16 03:15:56 +0000"
    },
    "done": true
  },
  "lightmanscurrency:recipes/misc/traders/card_display/mangrove/white": {
    "criteria": {
      "trader": "2024-08-16 03:27:36 +0000"
    },
    "done": true
  },
  "lightmanscurrency:recipes/misc/auction_stand/birch": {
    "criteria": {
      "trader": "2024-08-16 03:27:36 +0000"
    },
    "done": true
  },
  "securitycraft:recipes/building_blocks/reinforced_brown_stained_glass_pane_from_glass": {
    "criteria": {
      "has_glass": "2024-08-16 03:15:56 +0000"
    },
    "done": true
  },
  "DataVersion": 3465
}